1522654652.033653000, 0, 2.88123, 8.94348, -1.55657
1522654652.033653000, 2, -1.0048, -6.22457, -1.17729
1522654652.033653000, 4, 5.3654, 9.04888, -1.52839
1522654652.033653000, 6, -3.29628, 10.7914, -1.41475
1522654652.033653000, 8, 7.8603, 9.0859, -1.58036
1522654652.033653000, 10, 10.3428, 8.68319, -1.61319
1522654652.033653000, 12, 0.610978, -6.82569, -1.21946
1522654652.033653000, 14, -0.0540101, 8.19174, -1.75126
1522654652.033653000, 16, -0.140267, 9.29552, -1.75986
1522654652.033653000, 18, -0.684008, -3.9079, -1.64695
1522654652.033653000, 20, -10.1533, 26.3497, -1.31933
1522654652.033653000, 22, -24.8924, 32.4936, -0.951829
1522654652.033653000, 24, 3.99448, -19.1899, -1.83129
1522654652.033653000, 26, -16.8009, -15.7911, -1.07645
1522654652.033653000, 28, -3.30997, 18.6, -0.88195
1522654652.033653000, 30, -10.3945, -30.8492, -1.51965
1522654652.033653000, 32, 13.2072, 8.05294, -1.80917
1522654652.033653000, 34, -6.54235, -7.67866, -0.872108
1522654652.033653000, 36, 43.9964, 20.7038, 0
1522654652.033653000, 38, -0.43085, 19.0273, -1.33224
1522654652.033653000, 40, 3.7218, -16.3006, -1.95689
1522654652.033653000, 42, -30.0401, 25.6431, -0.917782
1522654652.033653000, 44, 44.7665, 16.7192, -1.10966
1522654652.033653000, 46, 5.46135, -23.4435, -1.68438
1522654652.033653000, 48, 14.993, -17.3772, -2.14264
1522654652.033653000, 50, 4.81414, 18.421, -1.33236
1522654652.033653000, 52, -2.22959, -8.18147, -1.35
1522654652.033653000, 54, 0.46171, -18.7713, -1.75298
1522654652.033653000, 56, 43.19, 31.1209, 0
1522654652.033653000, 58, 38.4601, 32.9061, -1.17578
1522654652.033653000, 60, -16.8032, -17.3184, 0
1522654652.033653000, 62, 43.2799, 29.1124, -1.21164
1522654652.033653000, 64, 18.9885, -22.062, -2.03665
1522654652.033653000, 66, 12.6014, 9.85442, -1.11918
1522654652.033653000, 68, 2.85438, 10.091, -0.978845
1522654652.033653000, 70, 2.4063, -23.6101, -1.66021
1522654652.033653000, 72, -17.1293, -17.3851, -0.566876
1522654652.033653000, 74, -12.3956, -20.9608, -1.13612
1522654652.033653000, 76, -11.1038, -37.0392, -0.898099
1522654652.033653000, 78, 42.4364, 24.1334, 0
1522654652.033653000, 80, -42.7808, -2.77693, 0
1522654652.033653000, 82, 41.2445, 17.9877, -2.09857
1522654652.033653000, 84, -11.0435, -37.054, 0
1522654652.033653000, 86, 43.6235, 24.8515, -2.34202
1522654652.033653000, 88, -13.1873, -22.7532, -0.610751
1522654652.033653000, 90, -4.04129, 17.9772, -1.28884
1522654652.033653000, 92, -15.5573, -19.5492, -0.580261
1522654652.033653000, 94, 41.5038, 9.53099, -1.98651
1522654652.033653000, 96, 38.672, 39.3787, 0
1522654652.033653000, 98, 2.47108, -0.0952759, -1.46666
1522654652.033653000, 100, 12.5386, -14.0089, -2.19931
1522654652.033653000, 102, 7.4815, 18.5566, -1.39944
1522654652.033653000, 104, 1.73143, 18.4872, -1.29879
1522654652.033653000, 106, -18.825, 40.5958, -1.03916
1522654652.033653000, 108, -2.68353, 19.2267, -1.35782
1522654652.033653000, 110, -4.34084, -18.2346, -1.7491
1522654652.033653000, 112, 43.8087, 20.5721, -1.1239
1522654652.033653000, 114, 44.3789, 20.732, -1.13747
1522654652.033653000, 116, -18.9106, -16.1988, 0
1522654652.033653000, 118, -3.95952, 18.1782, -0.432031
1522654652.033653000, 120, 21.4463, -14.1915, -2.39974
1522654652.033653000, 122, 41.396, 28.0931, -2.33352
1522654652.033653000, 124, 14.9332, 9.70524, -1.24563
1522654652.033653000, 126, 28.9202, -19.141, -2.42553
1522654652.033653000, 128, -0.894117, 18.6796, -0.434265
1522654652.133749000, 0, 4.80587, 9.00027, -1.55922
1522654652.133749000, 1, -1.48423, -6.2569, -1.14424
1522654652.133749000, 2, 7.28766, 9.10102, -1.55387
1522654652.133749000, 3, -3.66487, 10.8671, -1.51288
1522654652.133749000, 4, 9.8125, 8.47778, -1.72261
1522654652.133749000, 5, -0.869654, 19.1878, -0.896663
1522654652.133749000, 6, 0.0740904, -6.806, -1.16402
1522654652.133749000, 7, -10.9701, 20.6821, -1.63953
1522654652.133749000, 9, -1.28952, -3.89553, -1.60083
1522654652.133749000, 10, -10.7432, 26.0728, -1.31729
1522654652.133749000, 11, -25.903, 31.8276, -0.953903
1522654652.133749000, 12, -7.16003, -7.64651, -0.843734
1522654652.133749000, 13, -17.6986, -15.5474, -1.09972
1522654652.133749000, 14, -3.86907, 18.6603, -0.889717
1522654652.133749000, 16, 12.648, 8.06162, -1.82483
1522654652.133749000, 18, 43.2399, 20.4151, 0
1522654652.133749000, 19, -2.66313, 19.7132, -1.85707
1522654652.133749000, 20, -2.86303, -8.17084, -1.33382
1522654652.133749000, 21, -31.103, 25.0638, -0.928687
1522654652.133749000, 25, 4.24182, 18.4418, -1.32429
1522654652.133749000, 28, 42.6204, 31.061, 0
1522654652.133749000, 29, 42.7385, 28.5737, -1.19406
1522654652.133749000, 30, -17.4209, -17.3461, 0
1522654652.133749000, 32, -18.7935, 14.0885, -1.64708
1522654652.133749000, 33, 11.9978, 9.83658, -1.08547
1522654652.133749000, 34, -3.97849, 18.6051, -1.33198
1522654652.133749000, 36, -17.789, -17.1487, -0.573815
1522654652.133749000, 37, -13.7889, -20.1879, -1.1411
1522654652.133749000, 38, -11.7921, -36.9704, -0.90125
1522654652.133749000, 39, 41.8554, 24.0626, 0
1522654652.133749000, 40, -43.4146, -2.75866, 0
1522654652.133749000, 42, -11.7869, -36.9535, 0
1522654652.133749000, 43, 41.9501, 26.3899, -2.31377
1522654652.133749000, 44, -14.7329, -21.6061, -0.607681
1522654652.133749000, 45, -7.56568, 22.2901, -1.64633
1522654652.133749000, 46, -19.7723, -16.0781, 0
1522654652.133749000, 47, 40.9356, 9.67955, -1.9623
1522654652.133749000, 48, 38.1836, 39.1827, 0
1522654652.133749000, 49, 11.5506, -9.4474, -1.74538
1522654652.133749000, 51, 6.95184, 18.5426, -1.38516
1522654652.133749000, 52, 1.15406, 18.4972, -1.29629
1522654652.133749000, 53, 0.250598, 20.5095, -1.91453
1522654652.133749000, 54, -0.897638, 17.3992, -2.0439
1522654652.133749000, 56, 43.225, 20.5815, -1.11174
1522654652.133749000, 61, 38.334, 31.2439, -1.14859
1522654652.133749000, 62, 14.3585, 9.72557, -1.21297
1522654652.133749000, 64, -1.63091, 18.4703, -1.29693
1522654652.233832000, 0, 4.27616, 8.90597, -1.57024
1522654652.233832000, 1, -0.46317, -6.78301, -1.19126
1522654652.233832000, 2, 9.25207, 8.47003, -1.67709
1522654652.233832000, 3, -13.1767, 18.9922, -1.623
1522654652.233832000, 4, -1.52203, 19.0895, -0.893958
1522654652.233832000, 5, -1.58164, 19.0223, -1.33602
1522654652.233832000, 6, -1.7432, -6.7033, -1.15078
1522654652.233832000, 9, -1.89422, -3.86942, -1.58454
1522654652.233832000, 10, -11.2735, 25.5874, -1.30594
1522654652.233832000, 11, -26.9759, 30.9732, -0.954631
1522654652.233832000, 12, -7.78891, -7.61645, -0.824114
1522654652.233832000, 13, -14.9364, -19.3778, -1.14245
1522654652.233832000, 14, -4.45918, 18.6376, -0.894644
1522654652.233832000, 15, -3.86843, -36.3173, -0.848324
1522654652.233832000, 16, 11.7864, 8.64933, -1.49477
1522654652.233832000, 18, 41.8509, 22.4603, 0
1522654652.233832000, 19, -1.62264, 17.0398, -2.00735
1522654652.233832000, 20, -3.49518, -8.13953, -1.34199
1522654652.233832000, 21, -19.7486, 12.8713, -1.65699
1522654652.233832000, 22, 42.6454, 20.5414, -1.09922
1522654652.233832000, 23, -36.6693, 16.6871, -0.937234
1522654652.233832000, 25, 3.72981, 18.4474, -1.31708
1522654652.233832000, 26, -1.74533, -7.76954, -1.35707
1522654652.233832000, 28, 42.0606, 30.9449, 0
1522654652.233832000, 30, -18.7431, -15.2619, -1.12823
1522654652.233832000, 33, 1.03527, 18.853, -0.881029
1522654652.233832000, 34, -4.53329, 18.5753, -1.33849
1522654652.233832000, 36, -18.4561, -17.0751, -0.583882
1522654652.233832000, 37, -18.3251, -16.9909, 0
1522654652.233832000, 39, 41.2614, 26.4929, -2.28942
1522654652.233832000, 40, -43.9694, -2.55851, -1.02296
1522654652.233832000, 43, 38.1262, 30.4813, -1.13363
1522654652.233832000, 44, -15.5199, -21.6364, -0.618492
1522654652.233832000, 45, -3.15646, 19.3908, -1.83428
1522654652.233832000, 46, -20.6179, -15.9263, 0
1522654652.233832000, 47, 40.3556, 9.75835, -1.937
1522654652.233832000, 48, 37.645, 38.9741, 0
1522654652.233832000, 49, 10.7822, -9.47266, -1.6788
1522654652.233832000, 52, 0.654924, 18.4583, -1.29186
1522654652.233832000, 53, 0.966511, 19.0354, -0.442646
1522654652.233832000, 54, 6.83367, 8.82219, -1.63531
1522654652.233832000, 58, -16.9155, -19.6339, -0.601829
1522654652.233832000, 60, -4.87692, 11.3585, -0.86472
1522654652.333913000, 0, 3.68874, 8.9273, -1.55753
1522654652.333913000, 1, -1.22021, -6.72857, -1.194
1522654652.333913000, 2, 8.65176, 8.45079, -1.64908
1522654652.333913000, 3, -13.8686, 18.5595, -1.62552
1522654652.333913000, 4, -2.13506, 19.0502, -0.894814
1522654652.333913000, 5, -0.939423, 19.5223, -1.8249
1522654652.333913000, 6, -2.79395, -3.84435, -1.57194
1522654652.333913000, 7, -0.731949, 10.2668, -1.6914
1522654652.333913000, 9, -19.7147, 13.4639, -1.67448
1522654652.333913000, 10, -11.7612, 25.1753, -1.29764
1522654652.333913000, 11, -12.3973, 15.3467, -1.8446
1522654652.333913000, 13, -16.0593, -18.5289, -1.14506
1522654652.333913000, 14, -5.05288, 18.6504, -0.902065
1522654652.333913000, 15, -5.44659, -36.6422, -0.860338
1522654652.333913000, 16, 11.205, 8.65868, -1.43832
1522654652.333913000, 17, -4.16507, -8.08465, -1.37592
1522654652.333913000, 18, 42.0529, 20.5579, -1.08699
1522654652.333913000, 19, -2.39377, 16.6605, -1.97323
1522654652.333913000, 21, -32.2915, 24.6853, -0.944457
1522654652.333913000, 22, 42.0941, 20.578, 0
1522654652.333913000, 23, -36.973, 17.6447, -0.952618
1522654652.333913000, 25, 3.11161, 18.5245, -1.31473
1522654652.333913000, 28, 41.4951, 30.6011, 0
1522654652.333913000, 30, -19.7165, -14.9891, -1.15591
1522654652.333913000, 33, 0.54475, 18.988, -0.8865
1522654652.333913000, 34, -5.12431, 18.5603, -1.34785
1522654652.333913000, 36, -14.1313, -21.9168, -1.21649
1522654652.333913000, 37, -21.0715, -16.0158, -0.61465
1522654652.333913000, 38, -44.6132, -2.34812, 0
1522654652.333913000, 39, 39.8373, 28.3915, -1.13659
1522654652.333913000, 40, -44.5275, -2.41351, -1.03564
1522654652.333913000, 42, -13.5162, -36.7561, -0.909517
1522654652.333913000, 43, 40.6518, 27.088, -2.27851
1522654652.333913000, 44, -21.4292, -15.8161, 0
1522654652.333913000, 45, -4.48181, 18.7659, -1.80393
1522654652.333913000, 46, -16.4564, -21.2596, -0.624311
1522654652.333913000, 47, 39.7518, 9.86015, -1.91093
1522654652.333913000, 48, 37.0597, 39.0654, 0
1522654652.333913000, 49, 10.3109, -9.45632, -1.63668
1522654652.333913000, 53, 3.1706, 18.7743, -0.442195
1522654652.333913000, 54, 6.14829, 8.9565, -1.59285
1522654652.333913000, 59, -2.8059, 18.5007, -1.30882
1522654652.434017000, 0, 2.951, 9.19108, -1.41124
1522654652.434017000, 1, -3.70812, -5.89836, -1.19084
1522654652.434017000, 2, 8.0586, 8.48827, -1.60578
1522654652.434017000, 3, -3.29779, 9.19751, -1.62228
1522654652.434017000, 4, -2.6848, 19.0708, -0.89893
1522654652.434017000, 5, -2.6657, 19.0342, -1.34509
1522654652.434017000, 6, -1.97863, -6.67639, -1.17118
1522654652.434017000, 9, -31.5514, 24.5508, -0.928776
1522654652.434017000, 10, -12.3727, 23.8234, -1.25414
1522654652.434017000, 11, -6.516, 9.46402, -1.61721
1522654652.434017000, 12, -9.36791, -7.54968, -0.817164
1522654652.434017000, 13, -17.5505, -17.6177, -1.16059
1522654652.434017000, 14, -5.65039, 18.6609, -0.91018
1522654652.434017000, 16, 10.6352, 8.65954, -1.39961
1522654652.434017000, 17, 10.4062, -24.9583, -1.8912
1522654652.434017000, 18, 41.4917, 20.5727, 0
1522654652.434017000, 19, -3.30456, 18.6535, -1.77251
1522654652.434017000, 20, -34.3086, 20.5141, -0.928589
1522654652.434017000, 21, -3.25925, -6.7558, -1.13872
1522654652.434017000, 22, 41.4482, 20.5512, -1.07435
1522654652.434017000, 24, -22.4796, 17.8901, -1.3403
1522654652.434017000, 25, 2.25764, 18.2162, -1.28427
1522654652.434017000, 28, 40.9101, 30.2319, 0
1522654652.434017000, 30, -20.8914, -14.7283, -1.19241
1522654652.434017000, 33, -0.010014, 18.9843, -0.885958
1522654652.434017000, 34, -5.70066, 18.6109, -1.36248
1522654652.434017000, 35, -38.366, 14.8916, -0.956234
1522654652.434017000, 36, -18.6939, -19.568, -0.628487
1522654652.434017000, 37, -21.334, -16.4133, -0.626562
1522654652.434017000, 38, -44.9769, -1.25817, 0
1522654652.434017000, 39, 40.1141, 27.6235, -1.13117
1522654652.434017000, 42, -14.7281, -36.566, 0
1522654652.434017000, 44, -21.2473, -16.5061, 0
1522654652.434017000, 45, -17.0075, 32.7355, -0.857097
1522654652.434017000, 46, -17.7615, -19.6035, 0
1522654652.434017000, 47, 39.1519, 10.016, -1.8858
1522654652.434017000, 48, 36.4608, 39.1184, 0
1522654652.434017000, 49, 9.56382, -9.31678, -1.71111
1522654652.434017000, 51, 6.14117, 19.9915, -0.485643
1522654652.434017000, 52, 2.14574, 18.2851, -0.427534
1522654652.434017000, 53, 3.37446, 19.0685, -0.903332
1522654652.434017000, 54, 5.55208, 8.9497, -1.55756
1522654652.434017000, 58, -29.2861, -8.82107, -2.13887
1522654652.434017000, 60, -5.4309, 10.9335, -1.36717
1522654652.434017000, 62, 13.0299, 8.91556, -1.35554
1522654652.434017000, 65, -2.15374, 8.20788, -1.67588
1522654652.434017000, 67, -23.8387, 42.4765, 0
1522654652.434017000, 68, -3.72073, -3.81195, -1.58255
1522654652.534100000, 0, 2.38754, 9.17305, -1.3918
1522654652.534100000, 1, -4.22345, -5.86504, -1.17494
1522654652.534100000, 2, 7.52923, 8.54152, -1.53942
1522654652.534100000, 3, -22.0815, 26.7455, -0.805438
1522654652.534100000, 4, -3.2767, 19.0897, -0.904062
1522654652.534100000, 5, -3.23324, 19.0591, -1.35274
1522654652.534100000, 6, -2.50252, -6.6502, -1.18798
1522654652.534100000, 7, -13.0016, 22.2772, -1.20614
1522654652.534100000, 9, -19.2764, 12.6979, -1.6177
1522654652.534100000, 10, -3.60782, 15.7019, -1.88729
1522654652.534100000, 11, -14.8011, 16.6571, -1.56226
1522654652.534100000, 12, -34.3139, 18.8327, -0.909525
1522654652.534100000, 13, -18.9943, -16.986, -1.18949
1522654652.534100000, 14, -6.22115, 18.6709, -0.918649
1522654652.534100000, 15, -45.5882, 1.10084, -1.05883
1522654652.534100000, 16, 10.0182, 8.68941, -1.37618
1522654652.534100000, 18, 40.8404, 20.5963, -1.06219
1522654652.534100000, 19, -4.4927, 17.9691, -1.73268
1522654652.534100000, 21, -3.76395, -6.76716, -1.12658
1522654652.534100000, 22, 40.8814, 20.6169, 0
1522654652.534100000, 25, 2.16383, 18.7169, -0.879582
1522654652.534100000, 28, 40.3038, 30.2116, 0
1522654652.534100000, 30, -20.5586, -17.2748, -0.623714
1522654652.534100000, 33, -0.502784, 19.0423, -0.888916
1522654652.534100000, 34, -6.1167, 18.6908, -1.37608
1522654652.534100000, 35, -0.96463, -24.2994, 0
1522654652.534100000, 36, -16.306, -21.6196, -1.26311
1522654652.534100000, 38, -45.7474, -2.09103, -1.06347
1522654652.534100000, 45, -14.3651, 29.1612, -0.755173
1522654652.534100000, 47, 38.5123, 10.2661, -1.86
1522654652.534100000, 48, 35.8286, 39.2245, 0
1522654652.534100000, 49, 8.84773, -9.45376, -1.61719
1522654652.534100000, 50, -20.0691, 19.3933, -1.30204
1522654652.534100000, 51, 5.35674, 19.838, -0.477158
1522654652.534100000, 52, 1.36367, 18.0305, -1.26483
1522654652.534100000, 53, 15.1712, 7.70607, -1.991
1522654652.534100000, 54, 4.95111, 8.9934, -1.55355
1522654652.534100000, 60, -16.9655, 20.3451, -1.2356
1522654652.534100000, 62, 12.5762, 8.37814, -1.65316
1522654652.534100000, 68, -4.30992, -3.78452, -1.58472
1522654652.634179000, 0, 1.87954, 9.1761, -1.37919
1522654652.634179000, 1, -4.74825, -5.83739, -1.20841
1522654652.634179000, 2, 6.89686, 8.58939, -1.51016
1522654652.634179000, 3, -3.65392, 8.37348, -1.58048
1522654652.634179000, 4, -3.86503, 19.1161, -0.910298
1522654652.634179000, 5, 4.36599, 9.05937, -1.4901
1522654652.634179000, 6, -3.04343, -6.59928, -1.25272
1522654652.634179000, 7, -0.356052, 8.79712, -1.36764
1522654652.634179000, 9, -4.90945, -3.76737, -1.55668
1522654652.634179000, 10, -12.5352, 22.7425, -1.21183
1522654652.634179000, 11, -16.6662, 19.6758, -1.20465
1522654652.634179000, 13, -16.4931, -21.8234, -1.27691
1522654652.634179000, 14, -7.22927, 18.52, -0.928166
1522654652.634179000, 16, 9.42763, 8.80838, -1.36196
1522654652.634179000, 18, 40.2337, 20.6009, -1.04968
1522654652.634179000, 19, -15.7154, 27.7317, -0.740823
1522654652.634179000, 21, -4.27102, -6.75187, -1.16833
1522654652.634179000, 25, 1.61841, 18.7734, -0.879692
1522654652.634179000, 26, 14.6486, -26.1825, -2.09854
1522654652.634179000, 30, -21.0351, -17.421, 0
1522654652.634179000, 33, -1.21854, 19.0068, -0.888822
1522654652.634179000, 34, -7.39456, 18.8612, 0
1522654652.634179000, 36, -19.4969, -16.998, -1.20665
1522654652.634179000, 37, -21.1319, -17.2734, -0.633883
1522654652.634179000, 38, -47.034, -2.49496, 0
1522654652.634179000, 39, 37.7641, 28.6543, -1.10166
1522654652.634179000, 43, 39.2568, 26.0404, -2.19911
1522654652.634179000, 44, -23.4716, -15.997, 0
1522654652.634179000, 45, -3.85797, 19.0488, -1.35978
1522654652.634179000, 47, 37.878, 10.549, -1.83511
1522654652.634179000, 48, 35.1468, 39.4616, 0
1522654652.634179000, 49, -20.6135, 18.095, -1.27969
1522654652.634179000, 50, 23.1424, -23.7083, -2.31713
1522654652.634179000, 51, 4.76364, 19.8834, -0.474779
1522654652.634179000, 52, 0.608272, 18.0766, -1.26507
1522654652.634179000, 53, 14.4007, 7.94588, -1.90253
1522654652.634179000, 54, -7.04795, 18.4863, -1.38405
1522654652.634179000, 55, -37.0609, 14.1316, -0.921573
1522654652.634179000, 60, -5.67127, 9.34453, -1.54365
1522654652.634179000, 62, 11.9994, 8.35424, -1.76544
1522654652.634179000, 63, -9.43604, 19.2365, -1.49881
1522654652.734265000, 0, -16.2883, 26.582, -0.72438
1522654652.734265000, 1, -5.24865, -5.8177, -1.16765
1522654652.734265000, 2, 6.33641, 8.53752, -1.54979
1522654652.734265000, 3, -7.62303, 11.0736, -1.31803
1522654652.734265000, 4, -4.99282, 19.3424, 0
1522654652.734265000, 5, -6.02151, 17.204, -1.70398
1522654652.734265000, 6, -4.78528, -6.77755, -1.10929
1522654652.734265000, 7, -13.0034, 22.0758, -1.19527
1522654652.734265000, 8, -9.8434, 18.717, -1.4796
1522654652.734265000, 9, -5.51312, -3.75735, -1.53164
1522654652.734265000, 10, -8.05998, 18.7057, -0.473305
1522654652.734265000, 11, -17.8949, 18.605, -1.20524
1522654652.734265000, 13, -20.9035, -16.2259, -1.23493
1522654652.734265000, 14, -8.10607, 18.7268, -0.95251
1522654652.734265000, 16, 8.88648, 8.6868, -1.43751
1522654652.734265000, 18, 39.662, 20.6997, 0
1522654652.734265000, 19, -8.14561, 18.8732, 0
1522654652.734265000, 21, -3.51423, -6.66881, -1.15414
1522654652.734265000, 22, 39.6109, 20.7534, -1.03846
1522654652.734265000, 25, 10.8809, 9.7644, -1.02276
1522654652.734265000, 26, -24.1567, 13.1352, -1.28719
1522654652.734265000, 28, 39.0505, 30.7287, 0
1522654652.734265000, 30, -21.6499, -17.3617, 0
1522654652.734265000, 33, -0.431113, 18.1838, -1.2723
1522654652.734265000, 35, -38.4716, 11.638, -0.933756
1522654652.734265000, 36, -17.7394, -20.944, -1.28046
1522654652.734265000, 37, -24.4661, -15.8118, 0
1522654652.734265000, 39, 37.0296, 28.7437, -1.08943
1522654652.734265000, 43, 38.7483, 26.0494, -2.17925
1522654652.734265000, 44, -19.3096, -22.55, -0.689521
1522654652.734265000, 45, -4.78278, 18.821, -1.35833
1522654652.734265000, 47, 37.2559, 10.8224, -1.81103
1522654652.734265000, 48, 34.5845, 39.323, 0
1522654652.734265000, 49, -16.2252, 14.9187, -1.54301
1522654652.734265000, 50, 7.57775, -9.22123, -1.77295
1522654652.734265000, 51, 4.10532, 19.7816, -0.469116
1522654652.734265000, 52, 11.4165, 8.4012, -1.74282
1522654652.734265000, 53, 3.87689, 19.4287, -0.924584
1522654652.734265000, 59, -6.97702, 19.9577, -1.47907
1522654652.734265000, 60, -22.9469, 24.2913, -0.776302
1522654652.734265000, 65, -8.26819, 11.2995, -0.653234
1522654652.734265000, 68, -29.1667, 18.4, -0.801841
1522654652.734265000, 72, 13.5605, 8.35909, -1.86344
1522654652.834361000, 0, -16.8842, 26.2903, -0.725971
1522654652.834361000, 1, -5.73759, -5.85967, -1.14936
1522654652.834361000, 2, -5.75062, 19.1677, -0.934
1522654652.834361000, 3, -8.33855, 11.1408, -1.19312
1522654652.834361000, 4, -7.63496, 19.6166, -1.47283
1522654652.834361000, 5, 0.209486, 9.1128, -1.3572
1522654652.834361000, 6, -5.29057, -6.74801, -1.16764
1522654652.834361000, 7, -10.3678, 18.4597, -1.48136
1522654652.834361000, 8, -13.6443, 21.7699, -1.19863
1522654652.834361000, 9, -3.95775, -6.65076, -1.1881
1522654652.834361000, 10, -8.69717, 18.7447, -0.964565
1522654652.834361000, 11, -23.6644, 23.8567, -0.780722
1522654652.834361000, 13, -18.4052, -20.6433, -1.29032
1522654652.834361000, 14, -8.66783, 18.6572, -0.477965
1522654652.834361000, 16, -0.0587407, 18.9903, -0.88677
1522654652.834361000, 18, 39.0476, 20.7873, 0
1522654652.834361000, 19, -9.08277, 18.4698, 0
1522654652.834361000, 21, -29.3962, 18.3965, -0.806019
1522654652.834361000, 22, 39.004, 20.7642, -1.02612
1522654652.834361000, 24, -26.3552, 21.2509, -0.786159
1522654652.834361000, 25, 9.9249, 9.89063, -0.98045
1522654652.834361000, 28, 38.4302, 30.7564, 0
1522654652.834361000, 29, 37.8098, 30.856, 0
1522654652.834361000, 30, -25.3916, -15.6194, 0
1522654652.834361000, 32, -23.5147, 14.3122, -1.28534
1522654652.834361000, 33, -3.05026, 19.0196, -0.898892
1522654652.834361000, 34, -6.45599, 16.9492, -1.69265
1522654652.834361000, 35, -39.3574, 10.789, -0.948062
1522654652.834361000, 36, -22.0393, -15.7462, -1.26369
1522654652.834361000, 37, -19.827, -22.1745, -0.690935
1522654652.834361000, 38, -48.2442, -2.4976, 0
1522654652.834361000, 39, 35.9628, 28.8609, -1.07181
1522654652.834361000, 43, 37.7541, 26.3285, -2.14833
1522654652.834361000, 45, -5.46018, 19.2318, -0.464277
1522654652.834361000, 47, 36.6114, 11.0304, -1.78524
1522654652.834361000, 48, 33.6405, 39.3873, 0
1522654652.834361000, 49, -18.5706, 18.2807, -1.21638
1522654652.834361000, 50, 7.14889, -9.18051, -1.7661
1522654652.834361000, 51, 15.8331, 8.10742, -1.66047
1522654652.834361000, 52, 2.36682, 18.6042, -1.31204
1522654652.834361000, 53, 2.96942, 19.4398, -0.917817
1522654652.834361000, 54, 0.696275, 9.72811, -1.12018
1522654652.834361000, 59, 2.42686, 10.7711, -0.772317
1522654652.834361000, 60, -8.39585, 9.36709, -1.47426
1522654652.834361000, 62, 12.3619, 8.45611, -1.76324
1522654652.834361000, 63, -1.93701, 8.72115, -1.31442
1522654652.834361000, 65, -5.15243, 8.644, -1.54779
1522654652.834361000, 72, 12.9729, 8.38519, -1.80713
1522654652.934450000, 0, -17.4504, 25.986, -0.727205
1522654652.934450000, 1, -6.24249, -5.86679, -1.10776
1522654652.934450000, 2, -6.35972, 19.1555, -0.94194
1522654652.934450000, 3, -9.36413, 10.8916, -1.20968
1522654652.934450000, 4, -9.1838, 18.8296, -0.486799
1522654652.934450000, 5, -0.353044, 9.13022, -1.3585
1522654652.934450000, 6, -5.80582, -6.69388, -1.18877
1522654652.934450000, 7, -9.52958, 18.7756, -1.47573
1522654652.934450000, 8, -7.93609, 16.2862, -1.69212
1522654652.934450000, 9, -4.51414, -6.60078, -1.18754
1522654652.934450000, 10, -9.29922, 18.7134, -0.975366
1522654652.934450000, 11, -24.2685, 23.4826, -0.784685
1522654652.934450000, 13, -19.2551, -20.1048, -1.29859
1522654652.934450000, 14, 2.05517, 9.07574, -1.51254
1522654652.934450000, 16, -0.622456, 19.0032, -0.88777
1522654652.934450000, 18, 38.4396, 20.7745, 0
1522654652.934450000, 19, -9.7643, 18.429, 0
1522654652.934450000, 21, -24.9356, 12.5431, -1.30665
1522654652.934450000, 22, 38.3885, 20.8276, -1.01424
1522654652.934450000, 25, 9.56392, 8.64547, -1.59049
1522654652.934450000, 28, 37.2058, 30.5511, 0
1522654652.934450000, 30, -25.9651, -15.6199, 0
1522654652.934450000, 31, 28.7872, 42.3904, 0
1522654652.934450000, 32, -28.7779, 19.1706, -0.804119
1522654652.934450000, 33, -3.7098, 19.01, -0.903835
1522654652.934450000, 34, 0.0982911, 9.70466, -1.11459
1522654652.934450000, 35, -40.342, 9.6912, -0.963866
1522654652.934450000, 37, -20.6277, -21.4739, -0.691534
1522654652.934450000, 39, 36.1405, 28.1821, -1.06455
1522654652.934450000, 40, -48.5154, -0.629391, 0
1522654652.934450000, 41, 42.1416, 14.0908, 0
1522654652.934450000, 42, -14.9365, -38.4054, -0.956902
1522654652.934450000, 43, 36.5161, 27.153, -2.12285
1522654652.934450000, 44, -8.33664, -35.7284, -0.851967
1522654652.934450000, 45, -6.30223, 19.153, -0.468474
1522654652.934450000, 47, 35.6932, 11.2123, -1.74707
1522654652.934450000, 48, 32.6449, 39.5807, 0
1522654652.934450000, 49, -19.1247, 17.9075, -1.22266
1522654652.934450000, 50, 6.65371, -9.22972, -1.70486
1522654652.934450000, 51, 17.5694, 7.80018, -1.79378
1522654652.934450000, 52, 2.37215, 19.4208, -0.913175
1522654652.934450000, 53, 12.2017, 7.98464, -1.89776
1522654652.934450000, 56, 37.8225, 20.8937, 0
1522654652.934450000, 57, 32.6505, 30.4392, -1.03655
1522654652.934450000, 59, 1.77271, 10.655, -0.755646
1522654652.934450000, 60, -6.44743, 8.78189, -1.53709
1522654652.934450000, 62, 1.4324, 18.4228, -1.29243
1522654652.934450000, 63, -2.48221, 8.73602, -1.32699
1522654652.934450000, 64, 4.63259, 8.58116, -1.50788
1522654652.934450000, 65, 2.45623, -0.0922942, -1.45781
1522654652.934450000, 67, 7.12625, 8.80254, -1.35357
1522654652.934450000, 72, 9.03187, 9.9549, -0.940526
1522654652.934450000, 73, 15.1943, 7.63046, -1.81376
1522654653.034640000, 0, -18.1048, 25.833, -0.732804
1522654653.034640000, 1, -6.71356, -5.82741, -1.11859
1522654653.034640000, 2, -6.96296, 19.1723, -0.951943
1522654653.034640000, 3, -10.1101, 10.7775, -1.21063
1522654653.034640000, 4, -9.8893, 18.7364, -0.988862
1522654653.034640000, 5, -0.820759, 9.04269, -1.34252
1522654653.034640000, 6, -5.00776, -6.61523, -1.19713
1522654653.034640000, 7, -10.2372, 18.5599, -1.4847
1522654653.034640000, 8, -14.848, 21.2463, -1.20934
1522654653.034640000, 9, -6.38679, -6.57938, -1.30003
1522654653.034640000, 10, -9.83366, 18.807, -0.493133
1522654653.034640000, 11, -24.936, 23.2572, -0.792385
1522654653.034640000, 12, 6.9704, -26.4926, -1.91638
1522654653.034640000, 13, -20.8648, -18.3609, -1.29734
1522654653.034640000, 14, 1.50845, 9.09356, -1.46815
1522654653.034640000, 15, -46.9228, 1.13923, -1.09017
1522654653.034640000, 16, -1.29382, 18.982, -0.888447
1522654653.034640000, 18, 37.2138, 20.9809, 0
1522654653.034640000, 19, -0.574877, 9.67014, -1.12448
1522654653.034640000, 21, -29.8759, 18.5472, -0.816827
1522654653.034640000, 22, 37.1716, 20.9571, -0.990952
1522654653.034640000, 25, 8.96274, 8.73805, -1.54765
1522654653.034640000, 28, 36.6069, 30.4995, 0
1522654653.034640000, 30, -26.6062, -15.523, 0
1522654653.034640000, 31, 32.0981, 39.4887, 0
1522654653.034640000, 33, -4.29937, 19.0206, -0.909958
1522654653.034640000, 35, -40.9072, 9.72513, -0.97676
1522654653.034640000, 36, -17.9626, -22.2733, -1.33491
1522654653.034640000, 38, -49.4217, -2.50276, 0
1522654653.034640000, 39, 34.2186, 29.1132, -1.04456
1522654653.034640000, 42, -15.4394, -38.4278, 0
1522654653.034640000, 43, 36.2464, 26.2884, -2.09014
1522654653.034640000, 45, -6.90042, 19.1844, -0.473692
1522654653.034640000, 47, 34.7519, 11.3967, -1.70804
1522654653.034640000, 49, -19.7579, 17.6047, -1.23478
1522654653.034640000, 50, 5.91948, -9.27936, -1.64619
1522654653.034640000, 51, 5.03231, 18.9751, -1.83194
1522654653.034640000, 52, 1.7949, 19.4513, -0.911756
1522654653.034640000, 53, 11.3161, 8.28146, -1.77364
1522654653.034640000, 55, 0.596436, -26.213, -1.83413
1522654653.034640000, 59, 1.20625, 10.6376, -0.748932
1522654653.034640000, 60, -5.9716, 8.56054, -1.54954
1522654653.034640000, 62, 8.37337, 10.1087, -0.931971
1522654653.034640000, 63, -3.03049, 8.77664, -1.2892
1522654653.034640000, 64, 4.06753, 8.64765, -1.44549
1522654653.034640000, 65, -8.25513, 9.35442, -1.46484
1522654653.034640000, 67, 6.54233, 8.88302, -1.31964
1522654653.034640000, 73, 14.2425, 7.77307, -1.75009
1522654653.034640000, 74, 13.7031, 9.07144, -1.27187
1522654653.034640000, 76, 4.23472, 18.7556, -1.34481
1522654653.134634000, 0, -18.6347, 25.598, -0.735474
1522654653.134634000, 1, -5.51852, -6.58397, -1.12562
1522654653.134634000, 2, -7.52562, 19.2188, -0.963232
1522654653.134634000, 3, -10.6197, 10.6543, -1.29827
1522654653.134634000, 4, -10.4816, 18.7332, -1.00185
1522654653.134634000, 5, -1.33513, 9.10901, -1.34524
1522654653.134634000, 6, -6.75278, -6.85283, -1.0543
1522654653.134634000, 7, -10.8914, 18.3165, -1.49201
1522654653.134634000, 8, -15.3619, 20.9482, -1.21202
1522654653.134634000, 9, -25.505, 11.8997, -1.31771
1522654653.134634000, 10, -10.3896, 18.8306, -0.499703
1522654653.134634000, 11, -25.3688, 22.8249, -0.793078
1522654653.134634000, 12, 15.538, -35.6021, -1.81171
1522654653.134634000, 14, 0.90238, 9.26849, -1.42133
1522654653.134634000, 16, -1.81242, 19.0536, -0.893735
1522654653.134634000, 19, -9.23802, 15.7706, -1.70646
1522654653.134634000, 21, -30.4998, 17.4781, -0.816996
1522654653.134634000, 25, 8.21795, 9.17899, -1.41193
1522654653.134634000, 26, -7.23334, -5.83664, -1.11376
1522654653.134634000, 28, 35.9692, 31.0743, 0
1522654653.134634000, 30, -27.6283, -15.2521, 0
1522654653.134634000, 31, 31.4104, 39.8387, 0
1522654653.134634000, 33, -4.88814, 19.0401, -0.917269
1522654653.134634000, 35, 20.4818, -53.8174, 0
1522654653.134634000, 36, -23.5651, -18.3619, -0.693766
1522654653.134634000, 37, -20.8364, -22.7324, -0.716185
1522654653.134634000, 39, 33.5255, 29.4167, -1.0371
1522654653.134634000, 40, -49.7024, -0.609843, 0
1522654653.134634000, 41, 44.2891, 10.1069, -1.05488
1522654653.134634000, 43, 34.8866, 27.0138, -2.06101
1522654653.134634000, 45, -7.52054, 19.1812, -0.478687
1522654653.134634000, 47, 34.1423, 11.8274, -1.68756
1522654653.134634000, 49, -20.8408, 17.0077, -1.2556
1522654653.134634000, 50, 5.11559, -9.23198, -1.6228
1522654653.134634000, 51, 4.00459, 19.1831, -1.82881
1522654653.134634000, 52, 1.25625, 19.5127, -0.912648
1522654653.134634000, 53, 10.7873, 8.29982, -1.79622
1522654653.134634000, 55, 7.35407, -34.8139, -1.65997
1522654653.134634000, 60, -7.22522, 8.78202, -1.532
1522654653.134634000, 63, -3.38442, 8.26645, -1.47819
1522654653.134634000, 67, 6.13772, 8.45951, -1.55101
1522654653.134634000, 73, 13.5063, 7.84011, -1.73207
1522654653.134634000, 75, -3.74292, 9.74645, -0.931579
1522654653.234709000, 0, -11.5282, 17.9489, -1.49305
1522654653.234709000, 1, -6.03394, -6.56304, -1.09993
1522654653.234709000, 2, -8.12783, 19.2057, -0.973221
1522654653.234709000, 3, -7.5621, 8.82747, -1.52902
1522654653.234709000, 4, -11.0815, 18.7512, -1.01649
1522654653.234709000, 5, -1.85502, 9.07394, -1.35301
1522654653.234709000, 6, -7.27711, -6.71723, -1.01293
1522654653.234709000, 7, -19.1129, 25.2584, -0.735717
1522654653.234709000, 8, -15.8292, 20.5646, -1.21085
1522654653.234709000, 9, -30.3848, 17.3017, -0.812412
1522654653.234709000, 10, -10.9894, 18.8206, -0.506364
1522654653.234709000, 11, -25.8484, 22.261, -0.792786
1522654653.234709000, 13, -24.3185, -17.8113, -0.699976
1522654653.234709000, 14, 0.335621, 9.27096, -1.42602
1522654653.234709000, 16, -2.49865, 18.9503, -0.892453
1522654653.234709000, 19, -9.84771, 15.3901, -1.70561
1522654653.234709000, 21, -7.71226, -5.8343, -1.1337
1522654653.234709000, 23, -34.7729, 12.1052, -0.855176
1522654653.234709000, 25, 10.2557, 8.291, -1.76116
1522654653.234709000, 28, 35.37, 31.1057, 0
1522654653.234709000, 30, -21.2745, -22.5415, -0.7202
1522654653.234709000, 31, 30.8827, 39.6244, 0
1522654653.234709000, 33, -5.43599, 19.0268, -0.923295
1522654653.234709000, 35, 19.4756, -54.4182, 0
1522654653.234709000, 36, -24.11, -17.602, 0
1522654653.234709000, 38, -50.5496, -2.5327, 0
1522654653.234709000, 39, 34.5961, 26.8899, -2.04632
1522654653.234709000, 41, 43.6965, 10.2307, -1.04212
1522654653.234709000, 42, -19.8891, -36.2582, 0
1522654653.234709000, 43, 34.7501, 27.9073, -1.03511
1522654653.234709000, 45, -8.07373, 19.209, -0.484094
1522654653.234709000, 47, 33.63, 10.9335, -2.47551
1522654653.234709000, 49, -20.752, 16.6813, -1.24216
1522654653.234709000, 50, 4.32821, -9.20491, -1.62093
1522654653.234709000, 51, 2.87522, 19.1762, -1.80957
1522654653.234709000, 52, 0.613616, 19.5154, -0.911453
1522654653.234709000, 53, -1.99035, 19.4291, -1.36618
1522654653.234709000, 57, 31.4992, 30.6012, -1.01985
1522654653.234709000, 60, -10.6149, 11.2287, -1.21442
1522654653.234709000, 62, 7.22735, 10.3436, -0.883078
1522654653.234709000, 63, -3.98255, 8.68529, -1.31125
1522654653.234709000, 64, -5.86523, 18.7838, -0.456969
1522654653.234709000, 67, 5.5481, 8.53174, -1.50189
1522654653.234709000, 72, 7.83873, 8.74289, -1.61376
1522654653.234709000, 73, 12.92, 7.86263, -1.8279
1522654653.234709000, 74, 12.7903, 9.32609, -1.12195
1522654653.234709000, 76, 3.10531, 18.8288, -1.33471
1522654653.234709000, 78, -11.6514, 9.50735, -1.40452
1522654653.234709000, 80, 4.61593, 10.1855, -0.90781
1522654653.334807000, 0, -12.2032, 17.6404, -1.50086
1522654653.334807000, 1, -6.75511, -6.53052, -1.11896
1522654653.334807000, 2, -8.72764, 19.2214, -0.985158
1522654653.334807000, 3, -7.90068, 8.82702, -1.49422
1522654653.334807000, 4, -11.6545, 18.8083, -1.03263
1522654653.334807000, 5, -2.36501, 8.99422, -1.37775
1522654653.334807000, 6, -8.03615, -6.66922, -1.08953
1522654653.334807000, 7, -19.708, 25.0774, -0.74079
1522654653.334807000, 8, -16.3494, 20.3218, -1.21696
1522654653.334807000, 9, -30.7376, 17.2172, -0.818463
1522654653.334807000, 10, -11.6071, 18.7883, -0.513092
1522654653.334807000, 11, -26.501, 21.9178, -0.799201
1522654653.334807000, 12, -15.211, -7.3849, -0.643615
1522654653.334807000, 13, -27.0213, -16.2327, 0
1522654653.334807000, 14, -0.180138, 9.24027, -1.41829
1522654653.334807000, 16, -3.07771, 19.0023, -0.898832
1522654653.334807000, 19, -4.39064, 8.16031, -1.52128
1522654653.334807000, 21, -8.39257, -5.7869, -1.09865
1522654653.334807000, 23, -35.7771, 11.1342, -0.870759
1522654653.334807000, 25, 0.0754821, 19.5751, -0.913874
1522654653.334807000, 26, -25.2546, 12.7588, -1.32153
1522654653.334807000, 28, 34.7728, 30.9125, 0
1522654653.334807000, 30, -27.1986, -16.5368, -0.739957
1522654653.334807000, 31, 30.378, 38.7247, 0
1522654653.334807000, 33, -5.95741, 19.0531, -0.931386
1522654653.334807000, 35, 18.1852, -55.1862, 0
1522654653.334807000, 36, -22.8223, -20.4737, -0.712186
1522654653.334807000, 38, -51.1266, -2.4436, 0
1522654653.334807000, 39, 33.4163, 27.3463, -2.01762
1522654653.334807000, 41, 43.0927, 10.3272, -1.02899
1522654653.334807000, 43, 32.2321, 29.6972, -1.01932
1522654653.334807000, 45, -8.67411, 19.2058, -0.489582
1522654653.334807000, 47, 33.026, 11.1089, -2.43955
1522654653.334807000, 49, -21.5571, 16.1751, -1.25755
1522654653.334807000, 50, 3.66813, -9.01001, -1.71306
1522654653.334807000, 51, 0.800574, 20.1643, -1.4114
1522654653.334807000, 52, 12.3144, 7.97838, -1.77749
1522654653.334807000, 53, -2.99082, 18.8643, -1.33608
1522654653.334807000, 60, -11.2101, 11.197, -1.20927
1522654653.334807000, 62, 7.01933, 9.25242, -1.38287
1522654653.334807000, 63, -4.92926, 9.47675, -1.02119
1522654653.334807000, 64, -6.41124, 18.7844, -0.460918
1522654653.334807000, 65, -11.7215, 9.42397, -1.40506
1522654653.334807000, 66, 4.96207, 8.619, -1.46943
1522654653.334807000, 67, 4.14985, 10.2668, -0.851427
1522654653.334807000, 72, 9.7442, 7.9859, -1.84604
1522654653.334807000, 73, 12.1699, 9.42918, -1.08909
1522654653.334807000, 74, 14.332, 9.33597, -1.19634
1522654653.334807000, 76, 1.73682, 19.1241, -1.79209
1522654653.434882000, 0, -16.8406, 20.0486, -1.22166
1522654653.434882000, 1, -7.49424, -6.45743, -1.10839
1522654653.434882000, 2, -9.29259, 19.2027, -0.995434
1522654653.434882000, 3, -8.23437, 8.93045, -1.42434
1522654653.434882000, 4, -12.2747, 18.7499, -1.04572
1522654653.434882000, 5, -2.76969, 8.86822, -1.3832
1522654653.434882000, 6, -8.75424, -6.66452, -0.980035
1522654653.434882000, 7, -20.2841, 24.8785, -0.745509
1522654653.434882000, 8, -4.9518, 8.24405, -1.45563
1522654653.434882000, 9, -30.5825, 17.832, -0.822332
1522654653.434882000, 10, -12.1335, 18.8123, -0.52004
1522654653.434882000, 11, -27.129, 21.6319, -0.806341
1522654653.434882000, 12, 3.33003, -26.5422, -1.87095
1522654653.434882000, 13, -23.6154, -20.6589, -0.729075
1522654653.434882000, 14, -0.718506, 9.24063, -1.37535
1522654653.434882000, 15, -51.1454, 1.5803, 0
1522654653.434882000, 16, -3.64065, 19.0307, -0.904669
1522654653.434882000, 17, 8.04004, -27.4078, -1.99779
1522654653.434882000, 19, -5.39373, 9.38014, -1.05133
1522654653.434882000, 24, 17.1634, -26.0682, -2.18299
1522654653.434882000, 25, -0.496128, 19.5474, -0.912822
1522654653.434882000, 28, 34.1732, 30.8064, 0
1522654653.434882000, 30, -30.0164, -15.5994, -0.785518
1522654653.434882000, 31, 29.6573, 39.6639, 0
1522654653.434882000, 33, -6.6388, 19.1634, -0.471126
1522654653.434882000, 35, 16.5618, -56.1933, 0
1522654653.434882000, 36, -29.6133, -15.2711, 0
1522654653.434882000, 38, -52.0162, -1.94229, 0
1522654653.434882000, 39, 32.2755, 27.6591, -1.98696
1522654653.434882000, 41, 42.5071, 10.342, -1.01587
1522654653.434882000, 42, -18.7351, -38.0476, -0.984825
1522654653.434882000, 43, 31.4523, 29.8456, -1.00865
1522654653.434882000, 45, -9.32718, 19.185, -0.49558
1522654653.434882000, 47, 32.4328, 11.2705, -2.40425
1522654653.434882000, 49, -37.7111, 32.7881, 0
1522654653.434882000, 50, 3.15882, -9.10632, -1.65079
1522654653.434882000, 51, -0.00855494, 19.9054, -1.39236
1522654653.434882000, 52, 11.8551, 7.95111, -1.73652
1522654653.434882000, 53, -3.98306, 18.4458, -1.31998
1522654653.434882000, 60, -11.7512, 11.1944, -1.22538
1522654653.434882000, 62, 6.45935, 9.21169, -1.40399
1522654653.434882000, 64, 4.26146, 8.86453, -1.37328
1522654653.434882000, 65, -11.3495, 9.45483, -1.37967
1522654653.434882000, 72, 9.07096, 8.17217, -1.79832
1522654653.434882000, 73, 11.7191, 9.71619, -1.17186
1522654653.434882000, 74, 13.6498, 9.47805, -1.16224
1522654653.434882000, 76, 0.615621, 18.9422, -1.76866
1522654653.434882000, 82, 35.463, 17.1588, 0
1522654653.534987000, 0, -17.6594, 19.7915, -1.23772
1522654653.534987000, 1, -7.97738, -6.43494, -1.12562
1522654653.534987000, 2, -10.1941, 19.1358, -1.01174
1522654653.534987000, 3, -8.88678, 8.66319, -1.51207
1522654653.534987000, 4, -13.0102, 18.8524, -0.532139
1522654653.534987000, 5, -13.3099, 18.3985, -1.05947
1522654653.534987000, 6, -9.21826, -6.6708, -1.01642
1522654653.534987000, 7, -21.2371, 24.6782, -0.756182
1522654653.534987000, 8, -13.8341, 16.8706, -1.52617
1522654653.534987000, 10, -1.25002, 9.20905, -1.39613
1522654653.534987000, 11, -22.8949, 15.5146, -1.29009
1522654653.534987000, 12, -36.3861, 12.1135, -0.890607
1522654653.534987000, 13, -24.3531, -20.2269, -0.735566
1522654653.534987000, 14, -10.1034, 19.222, -0.504472
1522654653.534987000, 16, -4.24926, 19.0528, -0.911455
1522654653.534987000, 24, -25.262, 14.1655, -1.35086
1522654653.534987000, 25, -1.1052, 19.534, -0.91336
1522654653.534987000, 28, 33.5662, 30.8905, 0
1522654653.534987000, 30, -27.0416, -17.2696, -0.745062
1522654653.534987000, 31, 29.0636, 39.7087, 0
1522654653.534987000, 33, -7.37441, 19.1353, -0.476472
1522654653.534987000, 36, -37.3282, -6.5683, -0.880116
1522654653.534987000, 37, -26.7867, -17.108, 0
1522654653.534987000, 38, -52.9146, -2.77923, 0
1522654653.534987000, 39, 32.1872, 27.6493, -1.98194
1522654653.534987000, 41, 41.9299, 10.3659, -1.003
1522654653.534987000, 43, 30.7985, 29.9295, -0.999155
1522654653.534987000, 45, -10.0353, 18.9741, -1.50135
1522654653.534987000, 46, 14.9835, -57.0947, 0
1522654653.534987000, 47, 31.8306, 11.4889, -2.37009
1522654653.534987000, 49, 2.50172, -9.11582, -1.58649
1522654653.534987000, 50, -39.2925, 31.3267, 0
1522654653.534987000, 51, -0.828716, 19.6093, -1.37306
1522654653.534987000, 52, 11.2234, 8.04687, -1.68145
1522654653.534987000, 53, 5.4674, 10.4631, -0.826179
1522654653.534987000, 55, -38.7408, 9.24932, -0.924901
1522654653.534987000, 60, -13.1539, 10.972, -1.24077
1522654653.534987000, 62, 8.55832, 8.1412, -1.78572
1522654653.534987000, 64, 3.63968, 8.90124, -1.37918
1522654653.534987000, 65, -11.6257, 9.35657, -1.39521
1522654653.534987000, 66, -4.85465, 18.3065, -1.32472
1522654653.534987000, 67, 6.08814, 8.7421, -1.64444
1522654653.534987000, 72, -0.456393, 18.8071, -1.75564
1522654653.534987000, 73, 11.0508, 9.66571, -1.09489
1522654653.534987000, 74, 15.9614, 8.14857, -1.67306
1522654653.534987000, 82, 34.8374, 17.2263, 0
1522654653.635072000, 0, -18.3758, 19.4353, -1.24809
1522654653.635072000, 1, -8.46411, -6.41221, -1.15323
1522654653.635072000, 2, -10.986, 19.2273, -0.514388
1522654653.635072000, 3, -9.71866, 8.63327, -1.52261
1522654653.635072000, 4, -13.9461, 18.8725, -0.54514
1522654653.635072000, 5, -4.4931, 9.95956, -1.01968
1522654653.635072000, 6, -9.70294, -6.65551, -1.06458
1522654653.635072000, 7, -22.0489, 24.4858, -0.765177
1522654653.635072000, 8, -6.80058, 9.02401, -1.30264
1522654653.635072000, 9, -26.6698, 12.6429, -1.3777
1522654653.635072000, 10, -5.04788, 10.6626, -0.556589
1522654653.635072000, 11, -29.1543, 20.7728, -0.831989
1522654653.635072000, 12, -36.8358, 11.819, -0.898435
1522654653.635072000, 13, -37.694, -6.44326, -0.887994
1522654653.635072000, 16, -5.13324, 19.0479, -0.921111
1522654653.635072000, 25, -2.02783, 19.4525, -0.913119
1522654653.635072000, 28, 32.929, 31.5807, 0
1522654653.635072000, 30, -27.6625, -16.8697, 0
1522654653.635072000, 31, 28.4942, 39.3245, 0
1522654653.635072000, 33, -8.00648, 19.1924, -0.483081
1522654653.635072000, 36, -25.3921, -19.45, -0.742974
1522654653.635072000, 37, -28.0625, -16.9263, -0.761042
1522654653.635072000, 39, 28.1627, 31.7827, -0.986406
1522654653.635072000, 41, 41.3269, 10.439, -0.989831
1522654653.635072000, 43, 32.0349, 27.7186, -1.97675
1522654653.635072000, 47, 31.2481, 11.5116, -2.33244
1522654653.635072000, 49, 1.87179, -9.09069, -1.55351
1522654653.635072000, 51, -2.21385, 19.0924, -1.34495
1522654653.635072000, 52, 10.6297, 8.09155, -1.63453
1522654653.635072000, 53, 5.33667, 9.22089, -1.4148
1522654653.635072000, 57, 31.8107, 28.7204, -0.995301
1522654653.635072000, 60, -14.0906, 10.8891, -1.24966
1522654653.635072000, 62, 8.03007, 8.17964, -1.7398
1522654653.635072000, 64, -6.01577, 17.4223, -1.72022
1522654653.635072000, 65, -11.7021, 9.2143, -1.39313
1522654653.635072000, 66, -7.60475, 20.1829, -1.5085
1522654653.635072000, 72, -2.01742, 18.4364, -1.73143
1522654653.635072000, 73, 10.437, 9.7208, -1.07549
1522654653.635072000, 74, 15.3857, 8.17449, -1.62655
1522654653.635072000, 76, 0.198178, 18.9569, -1.32613
1522654653.635072000, 82, 34.2869, 17.236, 0
1522654653.635072000, 84, 13.1013, 7.87344, -1.81892
1522654653.735401000, 0, -18.9624, 19.2929, -1.26223
1522654653.735401000, 1, -8.94153, -6.392, -1.11551
1522654653.735401000, 2, -11.5901, 19.2333, -0.521596
1522654653.735401000, 3, -11.1263, 8.96425, -1.45716
1522654653.735401000, 4, -14.4767, 18.8804, -0.552649
1522654653.735401000, 5, -5.80439, 10.5268, -0.578593
1522654653.735401000, 6, -10.1907, -6.63809, -1.11562
1522654653.735401000, 7, -22.6797, 24.4597, -0.774597
1522654653.735401000, 8, -7.38045, 9.19733, -1.28862
1522654653.735401000, 9, -26.9228, 12.8103, -1.39126
1522654653.735401000, 10, -4.93654, 9.03517, -1.32796
1522654653.735401000, 11, -30.1924, 20.1524, -0.843307
1522654653.735401000, 13, -37.9073, -6.10994, -0.891617
1522654653.735401000, 14, -8.92674, 19.1664, -0.491082
1522654653.735401000, 16, -6.0509, 19.0525, -0.933276
1522654653.735401000, 18, 32.986, 21.3116, -0.911997
1522654653.735401000, 21, -10.6073, -5.77615, -0.985646
1522654653.735401000, 22, 33.02, 21.3335, 0
1522654653.735401000, 25, 9.7139, 8.15094, -1.67091
1522654653.735401000, 28, 32.2318, 32.912, 0
1522654653.735401000, 29, 23.913, 41.9684, 0
1522654653.735401000, 30, -26.2889, -18.7792, -0.750252
1522654653.735401000, 31, 27.555, 39.6823, 0
1522654653.735401000, 34, -2.8205, 9.18274, -1.34337
1522654653.735401000, 36, -23.8991, -23.085, -0.771595
1522654653.735401000, 37, -28.9207, -16.6454, -0.774858
1522654653.735401000, 39, 27.8461, 31.6668, -0.980286
1522654653.735401000, 41, 40.7435, 10.4896, -0.976995
1522654653.735401000, 43, 28.7962, 28.8745, -1.90536
1522654653.735401000, 47, 30.6529, 11.7401, -2.29967
1522654653.735401000, 48, 31.1101, 38.359, 0
1522654653.735401000, 49, 1.34155, -9.06292, -1.5707
1522654653.735401000, 51, -2.94253, 19.443, -0.917914
1522654653.735401000, 52, 9.69387, 9.92109, -1.16351
1522654653.735401000, 53, -3.16691, 19.085, -1.35366
1522654653.735401000, 60, -13.8422, 11.4628, -1.25857
1522654653.735401000, 62, -3.56649, 18.2361, -1.73397
1522654653.735401000, 73, 11.9625, 9.63213, -1.08824
1522654653.735401000, 74, 14.9591, 8.00763, -1.73595
1522654653.735401000, 76, 12.3712, 8.11432, -1.74896
1522654653.735401000, 78, -15.9962, 9.70061, -1.30859
1522654653.735401000, 82, 33.6838, 17.3335, 0
1522654653.735401000, 83, -0.418748, 19.0337, -1.33173
1522654653.735401000, 84, 2.66698, 19.7797, -0.931405
1522654653.835237000, 0, -19.77, 19.0705, -1.28151
1522654653.835237000, 1, -11.118, -5.7402, -1.03566
1522654653.835237000, 2, -12.1527, 19.261, -0.528992
1522654653.835237000, 3, -14.3589, 11.5432, -1.29017
1522654653.835237000, 4, -15.0983, 18.8822, -0.561602
1522654653.835237000, 5, -6.30379, 10.5239, -0.635171
1522654653.835237000, 6, -10.6619, -6.6121, -1.07833
1522654653.835237000, 7, -23.383, 24.4506, -0.785611
1522654653.835237000, 8, -8.06002, 9.33352, -1.23723
1522654653.835237000, 9, -9.45849, -6.38439, -1.01023
1522654653.835237000, 10, -5.3423, 8.80095, -1.44433
1522654653.835237000, 11, -30.9804, 19.9242, -0.855632
1522654653.835237000, 13, -29.8432, -16.2961, -0.789614
1522654653.835237000, 14, -9.5597, 19.1771, -0.497698
1522654653.835237000, 16, -6.60773, 19.0856, -0.942888
1522654653.835237000, 18, 31.818, 21.4001, -0.89048
1522654653.835237000, 19, -5.92315, 9.7514, -1.05091
1522654653.835237000, 22, 31.8508, 21.4221, 0
1522654653.835237000, 25, 8.95424, 8.13121, -1.68519
1522654653.835237000, 28, 26.629, 39.9912, 0
1522654653.835237000, 29, 22.6784, 42.5524, 0
1522654653.835237000, 30, -24.3018, -22.7118, -0.772468
1522654653.835237000, 34, -3.31222, 9.13765, -1.36185
1522654653.835237000, 39, 25.9017, 33.3803, -0.981322
1522654653.835237000, 41, 40.1845, 10.479, -0.964397
1522654653.835237000, 43, 26.3469, 29.9038, -1.85921
1522654653.835237000, 47, 30.479, 10.4795, -1.50384
1522654653.835237000, 49, 0.812561, -9.04279, -1.51602
1522654653.835237000, 51, -3.51271, 19.4588, -0.922996
1522654653.835237000, 52, 11.718, 8.0111, -1.78452
1522654653.835237000, 53, -3.72506, 19.1233, -1.36322
1522654653.835237000, 56, 32.4333, 21.0861, -0.898311
1522654653.835237000, 57, 30.7051, 27.467, -1.92171
1522654653.835237000, 60, -11.8474, 9.06472, -1.39519
1522654653.835237000, 62, -4.53417, 18.0893, -1.74022
1522654653.835237000, 63, 2.43473, -0.0926076, -1.44512
1522654653.835237000, 65, -10.5609, 8.64297, -1.597
1522654653.835237000, 66, 3.65196, 9.30445, -1.40482
1522654653.835237000, 67, 6.29754, 8.17378, -1.73785
1522654653.835237000, 73, 14.0777, 8.19405, -1.63501
1522654653.835237000, 74, 2.09818, 19.7913, -0.928773
1522654653.835237000, 76, 11.1001, 9.83585, -1.03741
1522654653.835237000, 77, 32.4692, 21.1093, 0
1522654653.835237000, 78, -16.2577, 9.7096, -1.32462
1522654653.835237000, 82, 32.8494, 17.3847, 0
1522654653.835237000, 84, 4.38565, 18.9368, -0.90699
1522654653.935319000, 0, -11.779, 8.78535, -1.48284
1522654653.935319000, 1, -11.5663, -5.73173, -1.01832
1522654653.935319000, 2, -12.7059, 19.2776, -0.536259
1522654653.935319000, 3, -14.716, 11.5842, -1.31055
1522654653.935319000, 4, -15.65, 18.9022, -0.570034
1522654653.935319000, 5, -6.72928, 10.489, -0.650327
1522654653.935319000, 6, -11.1152, -6.57297, -1.04813
1522654653.935319000, 7, -8.56546, 9.24103, -1.25253
1522654653.935319000, 9, -9.95674, -6.33373, -1.06922
1522654653.935319000, 10, -5.95389, 8.95044, -1.39227
1522654653.935319000, 11, -25.3279, 14.335, -1.35746
1522654653.935319000, 13, -24.9322, -22.5427, -0.780662
1522654653.935319000, 14, -10.0344, 19.1963, -0.503069
1522654653.935319000, 16, -7.19463, 19.073, -0.951598
1522654653.935319000, 18, 31.2716, 21.4369, 0
1522654653.935319000, 19, -3.79861, 9.07223, -1.35721
1522654653.935319000, 22, 31.2299, 21.4832, -0.880293
1522654653.935319000, 24, -32.4458, 18.5495, -0.868768
1522654653.935319000, 25, 8.51892, 8.01405, -1.68211
1522654653.935319000, 28, 26.1334, 39.2883, 0
1522654653.935319000, 34, 13.1292, -9.44496, -1.89151
1522654653.935319000, 38, -55.2029, -2.74553, 0
1522654653.935319000, 39, 29.2598, 28.3391, -1.9007
1522654653.935319000, 41, 39.0262, 10.6476, -0.939424
1522654653.935319000, 42, -30.6947, -27.3067, 0
1522654653.935319000, 43, 23.8409, 29.9086, -1.784
1522654653.935319000, 47, 29.5882, 10.6134, -1.46668
1522654653.935319000, 49, 0.357106, -9.02079, -1.55085
1522654653.935319000, 51, -4.05624, 19.4933, -0.929454
1522654653.935319000, 52, 10.8556, 8.20189, -1.68976
1522654653.935319000, 53, 5.9714, 8.25304, -1.65991
1522654653.935319000, 60, -20.2604, 18.7057, -1.28628
1522654653.935319000, 62, 3.10524, 9.28523, -1.41712
1522654653.935319000, 66, -4.65389, 18.8673, -1.35928
1522654653.935319000, 73, 13.24, 8.20762, -1.68937
1522654653.935319000, 74, 1.46467, 19.7291, -0.923228
1522654653.935319000, 76, 10.5762, 9.91647, -1.01412
1522654653.935319000, 78, -16.4583, 9.64321, -1.33451
1522654653.935319000, 82, 31.979, 17.4414, 0
1522654653.935319000, 83, -1.66226, 19.0659, -1.33873
1522654653.935319000, 84, 3.83345, 18.958, -0.902554
1522654653.935319000, 87, 31.8216, 17.558, -0.844052
1522654654.035669000, 0, -12.2464, 8.63148, -1.46233
1522654654.035669000, 1, -12.053, -5.75087, -0.985531
1522654654.035669000, 2, -13.3177, 19.2728, -0.544123
1522654654.035669000, 3, -24.3386, 22.1242, -0.764306
1522654654.035669000, 4, -16.2286, 18.8857, -0.578374
1522654654.035669000, 5, -6.47758, 8.99339, -1.36551
1522654654.035669000, 6, -34.3334, 15.8793, -0.878587
1522654654.035669000, 7, -9.07155, 9.1952, -1.25361
1522654654.035669000, 9, -11.6088, -6.60572, -0.919489
1522654654.035669000, 10, -7.26915, 10.2145, -0.584863
1522654654.035669000, 11, -25.6389, 13.9045, -1.36048
1522654654.035669000, 13, -25.5219, -22.2955, -0.787085
1522654654.035669000, 14, -10.7108, 19.1543, -0.509685
1522654654.035669000, 16, -7.81404, 19.0645, -0.961801
1522654654.035669000, 18, 30.6472, 21.5518, -0.870074
1522654654.035669000, 19, -4.20832, 8.9645, -1.41389
1522654654.035669000, 22, 30.6804, 21.5751, 0
1522654654.035669000, 24, -43.5153, 29.771, 0
1522654654.035669000, 25, 7.85197, 8.48259, -1.55065
1522654654.035669000, 29, 21.8283, 40.7065, 0
1522654654.035669000, 33, -8.01626, 19.3307, 0
1522654654.035669000, 34, 12.3097, -9.4582, -1.81572
1522654654.035669000, 39, 27.3279, 28.8649, -1.85557
1522654654.035669000, 41, 38.4437, 10.7177, -0.926815
1522654654.035669000, 47, 29.0297, 10.6443, -1.44271
1522654654.035669000, 49, -0.219575, -8.98522, -1.55802
1522654654.035669000, 50, 26.1201, -37.0663, 0
1522654654.035669000, 51, -4.65337, 19.446, -0.933344
1522654654.035669000, 52, 10.2632, 8.27955, -1.64935
1522654654.035669000, 53, 5.36622, 8.24807, -1.68134
1522654654.035669000, 57, 29.3229, 28.3565, -0.947444
1522654654.035669000, 60, -14.9737, 11.6534, -1.32712
1522654654.035669000, 61, 30.146, 29.189, 0
1522654654.035669000, 62, 2.56432, 9.30178, -1.39584
1522654654.035669000, 66, -7.30944, 19.5228, -0.48437
1522654654.035669000, 67, -7.43481, 20.2602, -1.5094
1522654654.035669000, 73, 12.6893, 8.22515, -1.67272
1522654654.035669000, 74, 0.877096, 19.6901, -0.919816
1522654654.035669000, 76, 9.98679, 9.96917, -0.987049
1522654654.035669000, 78, -16.277, 9.55256, -1.32072
1522654654.035669000, 82, 31.4059, 17.4871, 0
1522654654.035669000, 84, 3.30636, 18.9144, -0.895976
1522654654.035669000, 87, 31.243, 17.5972, -0.832757
1522654654.035669000, 89, 38.4911, 10.7972, 0
1522654654.135527000, 0, -12.817, 8.60636, -1.44186
1522654654.135527000, 1, -12.5255, -5.76058, -0.94742
1522654654.135527000, 2, -13.8552, 19.2737, -0.551299
1522654654.135527000, 3, -24.8412, 21.9536, -0.770327
1522654654.135527000, 4, -16.8029, 18.8862, -0.587148
1522654654.135527000, 5, -7.05996, 9.07317, -1.30612
1522654654.135527000, 6, -12.0567, -6.55742, -0.959446
1522654654.135527000, 7, -9.59602, 9.15404, -1.23431
1522654654.135527000, 10, -4.68223, 8.92428, -1.40142
1522654654.135527000, 11, -26.002, 13.6671, -1.3702
1522654654.135527000, 13, -26.15, -21.6328, -0.788132
1522654654.135527000, 14, -11.2527, 19.1538, -0.515921
1522654654.135527000, 15, -1.67332, -52.7533, -1.22554
1522654654.135527000, 16, -8.31073, 19.0521, -0.970122
1522654654.135527000, 17, -35.9277, 13.9748, -0.896416
1522654654.135527000, 18, 30.1045, 21.5913, 0
1522654654.135527000, 19, -2.32941, 8.72134, -1.3243
1522654654.135527000, 22, 30.0723, 21.5683, -0.859411
1522654654.135527000, 24, -32.2281, 18.6167, -0.864288
1522654654.135527000, 25, 7.29782, 8.38404, -1.55101
1522654654.135527000, 29, 29.4444, 30.7343, 0
1522654654.135527000, 33, -8.5537, 19.3067, 0
1522654654.135527000, 35, -0.890338, -40.7909, 0
1522654654.135527000, 38, -56.2844, -2.71689, 0
1522654654.135527000, 39, 25.4519, 29.0929, -1.80509
1522654654.135527000, 41, 37.8646, 10.8048, -0.914422
1522654654.135527000, 42, -21.9826, -38.601, 0
1522654654.135527000, 47, 28.4669, 10.6278, -1.4178
1522654654.135527000, 49, -1.03342, -8.96066, -1.5563
1522654654.135527000, 51, -5.2338, 19.4761, -0.941374
1522654654.135527000, 52, 9.69455, 8.27648, -1.70559
1522654654.135527000, 53, 2.02444, 9.30509, -1.39352
1522654654.135527000, 57, 28.6099, 28.551, -0.938846
1522654654.135527000, 62, 4.80707, 8.06649, -1.72212
1522654654.135527000, 66, -7.84723, 19.6004, -0.490594
1522654654.135527000, 67, -7.92346, 20.107, -1.51157
1522654654.135527000, 73, 12.124, 8.27454, -1.64388
1522654654.135527000, 74, 0.280558, 19.6525, -0.917209
1522654654.135527000, 76, 9.43708, 10.0397, -0.963807
1522654654.135527000, 78, -16.0977, 9.46422, -1.30675
1522654654.135527000, 82, 30.8745, 17.5015, 0
1522654654.135527000, 84, 2.8249, 18.975, -0.89518
1522654654.135527000, 87, 30.6636, 17.6474, -0.821641
1522654654.135527000, 89, 37.9061, 10.8817, 0
1522654654.235600000, 0, -13.122, 8.58532, -1.46394
1522654654.235600000, 1, -13.2304, -5.76644, -0.984447
1522654654.235600000, 2, -14.4391, 19.2864, -0.559561
1522654654.235600000, 3, -25.3874, 21.8557, -0.778338
1522654654.235600000, 4, -17.3755, 18.9065, -0.596416
1522654654.235600000, 5, -7.56961, 9.01529, -1.35362
1522654654.235600000, 6, -11.5479, -6.42409, -0.983852
1522654654.235600000, 7, -10.1478, 9.13267, -1.22634
1522654654.235600000, 10, -5.21298, 8.97396, -1.40146
1522654654.235600000, 11, -32.5429, 18.248, -0.866375
1522654654.235600000, 13, -34.2693, -15.323, 0
1522654654.235600000, 14, -11.875, 19.134, -0.522989
1522654654.235600000, 16, -8.78797, 19.1271, -0.982303
1522654654.235600000, 17, -36.5373, 12.9977, -0.902631
1522654654.235600000, 18, 29.5197, 21.6804, 0
1522654654.235600000, 19, -2.80747, 8.59513, -1.37348
1522654654.235600000, 22, 29.4865, 21.6561, -0.849617
1522654654.235600000, 25, 6.71903, 8.44442, -1.5479
1522654654.235600000, 29, 28.8102, 31.4006, 0
1522654654.235600000, 30, -28.3654, -19.2707, -0.797445
1522654654.235600000, 33, -9.0773, 19.3733, 0
1522654654.235600000, 34, 11.1076, -9.43883, -1.70492
1522654654.235600000, 35, 3.27033, -44.3042, 0
1522654654.235600000, 36, -33.4198, -15.276, -0.853266
1522654654.235600000, 37, -30.6072, -17.5786, 0
1522654654.235600000, 39, 24.9181, 29.5327, -1.80397
1522654654.235600000, 41, 37.3133, 10.8351, -0.902332
1522654654.235600000, 45, -2.71229, 9.41775, -0.994457
1522654654.235600000, 47, 27.9036, 10.6667, -1.39389
1522654654.235600000, 49, -1.93, -8.9079, -1.53331
1522654654.235600000, 51, -5.81165, 19.4735, -0.948575
1522654654.235600000, 52, 9.17742, 8.36767, -1.66503
1522654654.235600000, 53, 1.49449, 9.34083, -1.39979
1522654654.235600000, 54, 2.42091, -0.0871075, -1.43703
1522654654.235600000, 57, 28.0684, 28.5595, -0.930127
1522654654.235600000, 60, -17.119, 11.3287, -0.957859
1522654654.235600000, 62, 4.47843, 7.9601, -1.73473
1522654654.235600000, 66, -8.44034, 19.595, -0.495766
1522654654.235600000, 73, 11.5459, 8.4042, -1.59425
1522654654.235600000, 74, -0.292768, 19.6856, -0.918763
1522654654.235600000, 78, -15.9956, 9.4295, -1.29984
1522654654.235600000, 82, 30.2704, 17.6123, 0
1522654654.235600000, 84, 2.2439, 19.0459, -0.894963
1522654654.235600000, 87, 30.0792, 17.7644, -0.811303
1522654654.235600000, 89, 37.3501, 10.9101, 0
1522654654.335693000, 0, -25.8823, 21.6695, -0.784223
1522654654.335693000, 1, -12.215, -6.33788, -1.01128
1522654654.335693000, 2, -14.9155, 19.3589, -0.567563
1522654654.335693000, 3, -13.5194, 8.56396, -1.49368
1522654654.335693000, 4, -17.9621, 18.8982, -0.605564
1522654654.335693000, 5, -8.17256, 9.36857, -1.3242
1522654654.335693000, 7, -10.484, 8.73416, -1.38766
1522654654.335693000, 8, 10.5036, -9.38986, -1.72298
1522654654.335693000, 10, -5.69014, 8.982, -1.41805
1522654654.335693000, 14, -12.3761, 19.1502, -0.52951
1522654654.335693000, 16, -9.36788, 19.1122, -0.993282
1522654654.335693000, 17, -36.5049, 12.5294, -0.897814
1522654654.335693000, 18, 28.9231, 21.7037, -0.839753
1522654654.335693000, 19, -3.2917, 8.61821, -1.34663
1522654654.335693000, 22, 28.9559, 21.7283, 0
1522654654.335693000, 25, 6.10742, 8.53238, -1.5035
1522654654.335693000, 29, 28.2311, 31.5188, 0
1522654654.335693000, 33, -9.65519, 19.2754, 0
1522654654.335693000, 34, 2.42074, -0.09001, -1.43695
1522654654.335693000, 35, 2.4438, -44.0315, 0
1522654654.335693000, 38, -57.6209, -2.11296, 0
1522654654.335693000, 39, 24.2765, 29.8875, -1.79733
1522654654.335693000, 41, 36.7547, 10.9567, -0.890704
1522654654.335693000, 45, -1.17737, 8.97197, -1.34593
1522654654.335693000, 47, 27.3233, 10.7136, -1.36942
1522654654.335693000, 49, -2.69513, -8.86882, -1.49405
1522654654.335693000, 51, -6.3122, 19.548, -0.95884
1522654654.335693000, 52, 8.61165, 8.32915, -1.6565
1522654654.335693000, 53, 0.949044, 9.36442, -1.38737
1522654654.335693000, 54, -6.70589, 10.6342, -0.586441
1522654654.335693000, 57, 27.3927, 28.7413, -0.922308
1522654654.335693000, 60, -17.5888, 11.2946, -0.975142
1522654654.335693000, 62, -9.20024, 19.4325, -0.499753
1522654654.335693000, 66, 4.15665, 7.72719, -1.77656
1522654654.335693000, 72, -6.10616, 20.8754, -1.52123
1522654654.335693000, 73, 11.0259, 8.60013, -1.53859
1522654654.335693000, 74, -0.876744, 19.6541, -0.918071
1522654654.335693000, 78, -15.4092, 9.38256, -1.26304
1522654654.335693000, 82, 29.7113, 17.6335, 0
1522654654.335693000, 84, 1.70523, 19.0542, -0.89276
1522654654.335693000, 87, 29.5213, 17.7819, -0.800384
1522654654.335693000, 89, 36.7945, 10.9686, 0
1522654654.436154000, 0, -26.8715, 21.1769, -0.795008
1522654654.436154000, 1, -12.6808, -6.32387, -1.02038
1522654654.436154000, 2, -15.8427, 19.3355, -0.58057
1522654654.436154000, 3, -15.687, 9.01914, -1.26694
1522654654.436154000, 4, -18.8827, 18.8997, -0.620535
1522654654.436154000, 5, -9.03992, 9.33407, -1.23604
1522654654.436154000, 6, -14.3554, -5.7615, -0.926037
1522654654.436154000, 7, -11.3828, 8.96255, -1.25698
1522654654.436154000, 8, 10.0211, -9.3524, -1.7084
1522654654.436154000, 9, -34.7157, 14.9781, -0.878083
1522654654.436154000, 10, -6.55758, 9.0633, -1.36314
1522654654.436154000, 11, -32.958, 17.2344, -0.863565
1522654654.436154000, 13, -27.9825, -22.605, -0.835422
1522654654.436154000, 14, -13.2111, 19.171, -0.540693
1522654654.436154000, 16, -10.4241, 18.9709, -1.01032
1522654654.436154000, 18, 28.3537, 21.781, -0.830324
1522654654.436154000, 19, -4.06785, 8.58298, -1.28106
1522654654.436154000, 22, 28.3988, 21.742, 0
1522654654.436154000, 25, 5.54299, 8.70518, -1.45831
1522654654.436154000, 28, 23.2314, 38.9345, 0
1522654654.436154000, 29, 27.6617, 31.5967, 0
1522654654.436154000, 33, -10.4975, 19.1138, 0
1522654654.436154000, 34, 2.41013, -0.0997145, -1.43126
1522654654.436154000, 35, 1.82216, -43.9079, 0
1522654654.436154000, 39, 22.8346, 30.1355, -1.76531
1522654654.436154000, 41, 36.1832, 11.0499, -0.878622
1522654654.436154000, 45, -1.67354, 8.91631, -1.35187
1522654654.436154000, 47, 26.7737, 10.8006, -1.34717
1522654654.436154000, 49, -3.0547, -8.80966, -1.51333
1522654654.436154000, 50, -21.219, 9.89168, -1.09184
1522654654.436154000, 51, -6.88276, 19.5378, -0.966847
1522654654.436154000, 52, 8.10086, 8.53597, -1.58824
1522654654.436154000, 53, 0.424846, 9.3959, -1.36939
1522654654.436154000, 54, -7.31431, 10.5067, -0.658822
1522654654.436154000, 55, 0.600283, -34.3751, -1.60377
1522654654.436154000, 57, 26.5902, 28.9846, -0.913874
1522654654.436154000, 60, -18.0919, 11.4297, -0.998262
1522654654.436154000, 61, 22.2979, 33.6861, -0.939173
1522654654.436154000, 62, -10.1119, 19.2477, -0.50542
1522654654.436154000, 64, -11.0763, 18.6445, -1.5167
1522654654.436154000, 65, -14.0217, 8.59931, -1.53488
1522654654.436154000, 66, 3.53636, 7.82124, -1.75871
1522654654.436154000, 73, 10.4424, 8.43444, -1.53934
1522654654.436154000, 74, -1.44388, 19.6454, -0.919227
1522654654.436154000, 82, 29.1381, 17.6793, 0
1522654654.436154000, 84, 1.34251, 19.3364, -0.904716
1522654654.436154000, 87, 28.9575, 17.8278, -0.789755
1522654654.436154000, 89, 36.2493, 11.0048, 0
1522654654.536974000, 0, -16.1729, 8.77686, -1.28792
1522654654.536974000, 1, -13.1216, -6.26377, -1.04683
1522654654.536974000, 2, -7.35792, 9.15676, -1.35024
1522654654.536974000, 3, -28.3592, 20.2355, -0.809065
1522654654.536974000, 4, -9.84714, 9.45204, -1.20415
1522654654.536974000, 5, -19.9723, 18.6009, -0.633764
1522654654.536974000, 7, -12.2708, 8.92517, -1.23538
1522654654.536974000, 8, 9.60353, -9.28962, -1.77397
1522654654.536974000, 10, -8.044, 10.5921, -0.746973
1522654654.536974000, 11, 22.5152, -37.3052, 0
1522654654.536974000, 13, -28.5905, -22.3474, -0.842883
1522654654.536974000, 14, -14.0915, 19.1731, -0.552556
1522654654.536974000, 16, -11.2404, 19.0612, -1.03273
1522654654.536974000, 17, -37.8695, 12.0033, -0.922692
1522654654.536974000, 18, 27.8343, 21.809, 0
1522654654.536974000, 19, -16.585, 19.4258, -0.593152
1522654654.536974000, 22, 27.7941, 21.8486, -0.821009
1522654654.536974000, 25, 5.03055, 8.66204, -1.46402
1522654654.536974000, 29, 27.1046, 31.5644, 0
1522654654.536974000, 33, -10.8269, 19.4038, -0.516334
1522654654.536974000, 34, 2.4182, -0.0879796, -1.43551
1522654654.536974000, 35, 0.964002, -43.6055, 0
1522654654.536974000, 39, 21.8079, 29.9772, -1.73012
1522654654.536974000, 41, 35.6408, 11.0704, -0.866743
1522654654.536974000, 47, 26.264, 10.7888, -1.32503
1522654654.536974000, 49, -3.58215, -8.86607, -1.46012
1522654654.536974000, 51, -7.86491, 19.364, -0.975588
1522654654.536974000, 52, 7.53903, 8.6175, -1.53062
1522654654.536974000, 53, 2.98042, 7.88177, -1.75729
1522654654.536974000, 57, 26.347, 28.7141, -0.905193
1522654654.536974000, 60, -18.6552, 11.5528, -1.0235
1522654654.536974000, 61, 21.7694, 33.6948, -0.932573
1522654654.536974000, 62, -6.96503, 16.7001, -1.68864
1522654654.536974000, 72, -7.02651, 20.8092, -0.510015
1522654654.536974000, 73, 9.88628, 8.42018, -1.54781
1522654654.536974000, 74, -2.24953, 19.6167, -0.921501
1522654654.536974000, 76, 0.522271, 19.1479, -0.893878
1522654654.536974000, 82, 28.6026, 17.7311, 0
1522654654.536974000, 83, -4.84254, 19.6633, -0.944828
1522654654.536974000, 84, 12.3919, 9.03039, -1.40879
1522654654.536974000, 87, 28.3833, 17.9164, -0.779545
1522654654.536974000, 88, -7.44979, 20.8765, 0
1522654654.536974000, 89, 35.6789, 11.0808, 0
1522654654.536974000, 90, 16.9326, 29.6132, -1.59113
1522654654.635939000, 0, -16.4321, 8.76649, -1.3033
1522654654.635939000, 1, -13.5357, -6.2648, -1.08899
1522654654.635939000, 2, -8.06483, 9.63493, -1.17829
1522654654.635939000, 3, -29.0474, 20.4511, -0.82512
1522654654.635939000, 4, -10.3416, 9.40422, -1.24251
1522654654.635939000, 5, -20.1645, 19.0166, -0.643718
1522654654.635939000, 7, -12.7876, 8.93726, -1.25995
1522654654.635939000, 8, 9.07829, -9.22444, -1.81955
1522654654.635939000, 10, -17.17, 19.3708, -0.601122
1522654654.635939000, 13, -29.1818, -21.9594, -0.848368
1522654654.635939000, 14, -3.10651, 8.9331, -1.27038
1522654654.635939000, 16, -11.7819, 19.0641, -1.04587
1522654654.635939000, 18, 27.2785, 21.8606, 0
1522654654.635939000, 19, -5.25573, 8.58783, -1.302
1522654654.635939000, 20, -37.6903, 13.8995, -0.933161
1522654654.635939000, 22, 27.238, 21.9016, -0.811683
1522654654.635939000, 25, -5.6239, 19.6633, -0.954149
1522654654.635939000, 28, 22.0556, 37.9459, 0
1522654654.635939000, 29, 18.6863, 38.5693, 0
1522654654.635939000, 33, -11.361, 19.461, -0.523651
1522654654.635939000, 35, -0.17146, -43.1041, 0
1522654654.635939000, 38, -35.0244, -27.1875, 0
1522654654.635939000, 41, 35.091, 11.1375, -0.855029
1522654654.635939000, 45, -1.1386, 9.43042, -1.34433
1522654654.635939000, 47, 25.8556, 10.7057, -1.30602
1522654654.635939000, 49, -4.04433, -8.82759, -1.48188
1522654654.635939000, 51, -9.05195, 19.0134, -0.982325
1522654654.635939000, 52, -3.09547, 19.6148, -0.926616
1522654654.635939000, 55, -0.305308, -34.5234, -1.61065
1522654654.635939000, 56, 26.6801, 21.9394, -0.802167
1522654654.635939000, 57, 25.0921, 28.5443, -1.77271
1522654654.635939000, 59, -4.20313, 10.9658, -0.547781
1522654654.635939000, 73, -0.246091, 19.2058, -0.896254
1522654654.635939000, 76, 11.5334, 9.17758, -1.36435
1522654654.635939000, 77, 26.7134, 21.9667, 0
1522654654.635939000, 82, 28.0529, 17.757, 0
1522654654.635939000, 84, 8.50637, 10.9759, -0.755126
1522654654.635939000, 87, 27.8361, 17.9384, -0.769105
1522654654.635939000, 89, 35.125, 11.1474, 0
1522654654.736025000, 0, -16.869, 8.66623, -1.32695
1522654654.736025000, 1, -13.9731, -6.23427, -1.03634
1522654654.736025000, 2, -8.57063, 9.60893, -1.22488
1522654654.736025000, 3, -29.1789, 20.9639, -0.83484
1522654654.736025000, 4, -10.7197, 8.98625, -1.45909
1522654654.736025000, 5, -20.6955, 19.0002, -0.652493
1522654654.736025000, 7, -13.3018, 8.86431, -1.30218
1522654654.736025000, 8, 8.52854, -9.22595, -1.76651
1522654654.736025000, 10, -17.6655, 19.3966, -0.609237
1522654654.736025000, 11, -4.6927, -8.75333, -1.48896
1522654654.736025000, 13, -29.7778, -21.7768, -0.857082
1522654654.736025000, 14, -3.58266, 8.88963, -1.2887
1522654654.736025000, 16, -12.3269, 19.069, -1.05962
1522654654.736025000, 18, 17.0271, 30.0632, -1.61324
1522654654.736025000, 19, -5.78313, 8.63098, -1.2909
1522654654.736025000, 22, 26.1262, 21.9802, -0.792879
1522654654.736025000, 25, -6.23878, 19.7574, -0.966842
1522654654.736025000, 29, 17.7077, 39.0411, 0
1522654654.736025000, 33, -11.9697, 19.4155, -0.530078
1522654654.736025000, 34, 2.46121, -0.087612, -1.46063
1522654654.736025000, 39, 23.5168, 29.4168, -1.75661
1522654654.736025000, 41, 34.5597, 11.1563, -0.843457
1522654654.736025000, 45, -1.70167, 9.41257, -1.39154
1522654654.736025000, 47, 25.4037, 10.6494, -1.28591
1522654654.736025000, 51, 0.826957, 9.16981, -1.13549
1522654654.736025000, 52, -3.62453, 19.6287, -0.931389
1522654654.736025000, 53, 1.5028, 7.87132, -1.76604
1522654654.736025000, 56, 26.1544, 22.0575, 0
1522654654.736025000, 57, 24.6718, 28.8236, -0.881335
1522654654.736025000, 59, -4.77977, 10.9811, -0.558606
1522654654.736025000, 61, 19.8728, 34.1099, -0.917948
1522654654.736025000, 63, -11.0021, 9.74091, -1.05933
1522654654.736025000, 64, -12.39, 19.3022, 0
1522654654.736025000, 72, 5.91949, 8.65756, -1.53857
1522654654.736025000, 73, 8.28814, 8.57413, -1.5054
1522654654.736025000, 76, 10.9553, 9.3295, -1.33338
1522654654.736025000, 82, 27.2023, 17.88, 0
1522654654.736025000, 84, 11.3901, 8.44556, -1.82133
1522654654.736025000, 87, 26.9901, 18.0564, -0.754218
1522654654.736025000, 89, 34.267, 11.2817, 0
1522654654.736025000, 90, 33.9867, 11.3002, -0.831824
1522654654.736025000, 92, 31.738, 13.6422, 0
1522654654.836115000, 0, -17.3618, 8.61078, -1.35586
1522654654.836115000, 2, -8.85397, 9.20222, -1.41871
1522654654.836115000, 4, -11.3366, 9.29189, -1.30786
1522654654.836115000, 5, 8.0416, -9.20602, -1.71878
1522654654.836115000, 7, -13.7909, 8.77583, -1.32622
1522654654.836115000, 10, -18.2171, 19.3913, -0.617838
1522654654.836115000, 11, -5.2344, -8.78838, -1.43766
1522654654.836115000, 13, -30.5181, -20.8682, -0.858728
1522654654.836115000, 14, -3.98877, 8.83272, -1.30838
1522654654.836115000, 16, -12.8205, 19.1015, -1.07352
1522654654.836115000, 18, 15.7306, 29.6403, -1.56634
1522654654.836115000, 19, -6.15355, 8.50325, -1.40617
1522654654.836115000, 22, 25.623, 22.0224, 0
1522654654.836115000, 25, -6.82583, 19.6983, -0.972753
1522654654.836115000, 29, 24.8482, 31.8646, 0
1522654654.836115000, 33, -12.4779, 19.4323, -0.536613
1522654654.836115000, 34, 2.42072, -0.096378, -1.43717
1522654654.836115000, 35, 1.64425, -45.244, 0
1522654654.836115000, 38, -35.4837, -27.0329, 0
1522654654.836115000, 39, 24.1104, 28.8944, -0.874173
1522654654.836115000, 41, 33.459, 11.2966, -0.820198
1522654654.836115000, 43, 40.3056, 8.91921, -0.95858
1522654654.836115000, 45, -2.18828, 9.40449, -1.4069
1522654654.836115000, 47, 24.3553, 10.7874, -1.24346
1522654654.836115000, 51, 1.03062, 7.90192, -1.76006
1522654654.836115000, 52, -4.14987, 19.6455, -0.936922
1522654654.836115000, 53, 0.198086, 10.4116, -0.728362
1522654654.836115000, 54, -9.58296, 10.5089, -0.739944
1522654654.836115000, 56, 25.5947, 21.9981, -0.783749
1522654654.836115000, 57, 19.2864, 34.2131, -0.913297
1522654654.836115000, 59, -5.17064, 10.7661, -0.56745
1522654654.836115000, 72, 5.39185, 8.66175, -1.52774
1522654654.836115000, 73, 7.8016, 8.57273, -1.49434
1522654654.836115000, 74, 7.14553, 10.9284, -0.7994
1522654654.836115000, 76, -1.09518, 19.5042, -0.911575
1522654654.836115000, 82, 26.2633, 18.0448, 0
1522654654.836115000, 84, 10.5381, 8.54249, -1.73404
1522654654.836115000, 87, 26.1661, 18.103, -0.738989
1522654654.836115000, 89, 33.4114, 11.3964, 0
1522654654.836115000, 91, 10.2934, 9.39664, -1.28952
1522654654.936232000, 0, -17.2608, 8.59568, -1.34866
1522654654.936232000, 2, -9.39071, 9.16342, -1.35528
1522654654.936232000, 4, -11.8582, 9.24331, -1.23895
1522654654.936232000, 5, 7.11668, -9.18348, -1.64563
1522654654.936232000, 7, -14.2791, 8.70557, -1.36317
1522654654.936232000, 8, -10.1524, 10.1829, -0.670737
1522654654.936232000, 10, 41.3549, -39.8735, -1.33389
1522654654.936232000, 11, -5.75312, -8.72387, -1.44836
1522654654.936232000, 13, -31.111, -20.6712, -0.867647
1522654654.936232000, 14, -4.33152, 8.65142, -1.42361
1522654654.936232000, 16, -13.3775, 19.1072, -1.08842
1522654654.936232000, 17, -51.211, 25.1086, 0
1522654654.936232000, 18, 14.8172, 29.849, -1.55523
1522654654.936232000, 19, -6.6428, 8.45772, -1.43687
1522654654.936232000, 22, 25.0491, 22.0751, -0.775366
1522654654.936232000, 25, -7.24188, 19.7611, -0.981973
1522654654.936232000, 29, 24.2921, 31.9642, 0
1522654654.936232000, 33, -13.0215, 19.4236, -0.543372
1522654654.936232000, 34, 2.4057, -0.10426, -1.42902
1522654654.936232000, 35, 1.35939, -45.3952, 0
1522654654.936232000, 39, 23.554, 28.9491, -0.866934
1522654654.936232000, 41, 32.9237, 11.3938, -0.809184
1522654654.936232000, 43, 39.7755, 8.98181, -0.946901
1522654654.936232000, 45, -2.61048, 9.46622, -1.34533
1522654654.936232000, 47, 23.636, 10.9247, -1.2154
1522654654.936232000, 51, 0.552656, 7.88169, -1.7454
1522654654.936232000, 52, 4.85706, 8.72567, -1.51037
1522654654.936232000, 53, -0.365287, 10.3957, -0.72763
1522654654.936232000, 54, 40.1973, -41.4366, 0
1522654654.936232000, 56, 25.078, 22.1005, 0
1522654654.936232000, 57, 18.62, 34.4184, -0.910129
1522654654.936232000, 59, -5.599, 10.611, -0.569297
1522654654.936232000, 61, 17.0629, 37.9509, 0
1522654654.936232000, 63, -13.0041, 11.0329, -0.41185
1522654654.936232000, 73, 7.18399, 8.86826, -1.38811
1522654654.936232000, 74, -1.63525, 19.6657, -0.921147
1522654654.936232000, 76, -2.36243, 18.8164, -1.32651
1522654654.936232000, 82, 25.6322, 18.2091, 0
1522654654.936232000, 84, 9.9788, 8.57644, -1.68224
1522654654.936232000, 87, 25.6075, 18.191, -0.729539
1522654654.936232000, 89, 32.6181, 11.808, 0
1522654655.036300000, 0, -18.2863, 8.57947, -1.4129
1522654655.036300000, 2, -7.12309, 8.55814, -1.44924
1522654655.036300000, 4, -12.3592, 9.13803, -1.25037
1522654655.036300000, 5, 6.28266, -9.13718, -1.62475
1522654655.036300000, 7, -14.7284, 8.66465, -1.39647
1522654655.036300000, 8, -9.90731, 9.13793, -1.39495
1522654655.036300000, 10, -8.27782, 10.3085, -0.616691
1522654655.036300000, 11, -6.35296, -8.78021, -1.42873
1522654655.036300000, 13, -31.5573, -21.0576, -0.881649
1522654655.036300000, 14, -4.78307, 8.60082, -1.44683
1522654655.036300000, 16, -13.6172, 19.4211, -0.551134
1522654655.036300000, 18, 13.8397, 29.8314, -1.53448
1522654655.036300000, 19, 2.40726, -0.0951128, -1.42958
1522654655.036300000, 22, 24.5444, 22.1475, 0
1522654655.036300000, 25, -7.82894, 19.7037, -0.989246
1522654655.036300000, 29, 23.7511, 32.0265, 0
1522654655.036300000, 33, -3.00429, 9.41443, -1.374
1522654655.036300000, 35, -0.0725724, -44.7966, 0
1522654655.036300000, 39, 23.0217, 28.9814, -0.859773
1522654655.036300000, 41, 32.3868, 11.4601, -0.797901
1522654655.036300000, 43, 39.252, 9.08436, -0.935581
1522654655.036300000, 45, 0.0824106, 7.90049, -1.74329
1522654655.036300000, 47, 23.7069, 10.7469, -1.21548
1522654655.036300000, 51, -0.863204, 10.3033, -0.723298
1522654655.036300000, 52, 4.3663, 8.76931, -1.50108
1522654655.036300000, 53, -8.99545, 19.9966, -1.53353
1522654655.036300000, 54, -13.4232, 10.9066, -0.40167
1522654655.036300000, 56, 24.5076, 22.1847, -0.767668
1522654655.036300000, 59, -5.98574, 10.3772, -0.602737
1522654655.036300000, 61, 16.3229, 38.5241, 0
1522654655.036300000, 62, -13.4902, 19.5779, -1.10897
1522654655.036300000, 73, 6.72173, 8.76105, -1.43794
1522654655.036300000, 74, -2.07183, 19.6515, -0.922101
1522654655.036300000, 76, 9.44613, 8.63809, -1.62349
1522654655.036300000, 82, 25.0913, 18.2097, -0.720073
1522654655.036300000, 84, -2.05818, 20.9131, 0
1522654655.036300000, 87, 24.966, 18.3688, 0
1522654655.036300000, 89, 32.0708, 11.9209, 0
1522654655.136373000, 0, -19.3582, 8.59282, -1.48161
1522654655.136373000, 1, -15.7998, -6.1988, -1.01529
1522654655.136373000, 2, -7.88236, 9.02216, -1.32628
1522654655.136373000, 4, -12.7838, 9.15361, -1.37508
1522654655.136373000, 5, 5.78135, -9.1263, -1.57328
1522654655.136373000, 6, -32.46, 8.82315, -1.56986
1522654655.136373000, 7, -15.1249, 8.56396, -1.62226
1522654655.136373000, 8, -10.4585, 9.29207, -1.37104
1522654655.136373000, 10, -5.24795, 8.60851, -1.49167
1522654655.136373000, 11, -6.98066, -8.72976, -1.42514
1522654655.136373000, 13, -32.4617, -20.7059, -0.894934
1522654655.136373000, 14, -6.39203, 10.3745, -0.568472
1522654655.136373000, 16, -3.39844, 9.36519, -1.42847
1522654655.136373000, 18, 12.8447, 29.7474, -1.51163
1522654655.136373000, 19, 2.42154, -0.0906004, -1.43748
1522654655.136373000, 22, 24.0216, 22.199, 0
1522654655.136373000, 25, 3.85779, 8.78716, -1.50262
1522654655.136373000, 29, 15.9629, 38.4383, 0
1522654655.136373000, 30, -35.2691, -16.758, -0.90668
1522654655.136373000, 33, -0.434207, 7.93043, -1.74794
1522654655.136373000, 36, -36.211, -17.1144, 0
1522654655.136373000, 39, 22.5278, 28.9696, -0.852493
1522654655.136373000, 41, 31.8715, 11.529, -0.787191
1522654655.136373000, 43, 38.7455, 9.05406, -0.923967
1522654655.136373000, 44, -38.9069, -15.5813, 0
1522654655.136373000, 45, -1.3754, 10.2833, -0.725857
1522654655.136373000, 47, 23.4171, 10.7496, -1.20347
1522654655.136373000, 51, -9.84544, 19.8432, -1.54924
1522654655.136373000, 52, -5.73685, 19.6789, -0.956454
1522654655.136373000, 54, -13.9684, 10.9608, -0.412341
1522654655.136373000, 56, 23.9879, 22.2383, -0.759609
1522654655.136373000, 57, 17.3817, 34.7371, -0.903557
1522654655.136373000, 59, -14.0015, 19.5085, -0.557882
1522654655.136373000, 65, -15.3259, 8.7827, -1.23565
1522654655.136373000, 73, 6.26586, 8.71646, -1.44676
1522654655.136373000, 74, -2.41065, 19.9684, -0.938643
1522654655.136373000, 76, 8.8902, 8.67235, -1.67523
1522654655.136373000, 77, 18.5178, 30.1591, -1.65084
1522654655.136373000, 82, 24.4813, 18.3382, -0.710403
1522654655.136373000, 84, -2.52275, 20.9457, 0
1522654655.136373000, 87, 24.351, 18.612, 0
1522654655.136373000, 89, 31.5839, 11.9338, 0
1522654655.136373000, 94, -16.4049, 10.7123, -0.454971
1522654655.238883000, 2, -8.29912, 8.96657, -1.38
1522654655.238883000, 4, -13.3903, 9.14742, -1.32893
1522654655.238883000, 5, 5.41926, -9.07924, -1.61213
1522654655.238883000, 7, -15.56, 8.58202, -1.65834
1522654655.238883000, 8, -10.8711, 9.10323, -1.45469
1522654655.238883000, 10, -5.70969, 8.68057, -1.42136
1522654655.238883000, 11, -7.69847, -8.72313, -1.40086
1522654655.238883000, 13, -33.3718, -20.4174, -0.90934
1522654655.238883000, 14, -6.90328, 10.4323, -0.583567
1522654655.238883000, 16, -3.6042, 9.14385, -1.50844
1522654655.238883000, 18, 31.3686, 11.5178, -0.776127
1522654655.238883000, 19, -9.29839, 10.3404, -0.64864
1522654655.238883000, 22, 23.4794, 22.2641, -0.751404
1522654655.238883000, 25, 3.31288, 8.92032, -1.46746
1522654655.238883000, 29, 15.6449, 37.9804, 0
1522654655.238883000, 33, -0.804867, 7.91664, -1.75421
1522654655.238883000, 39, 22.0225, 28.9877, -0.845671
1522654655.238883000, 41, 31.1393, 11.8809, 0
1522654655.238883000, 43, 38.2386, 9.12929, -0.912912
1522654655.238883000, 45, -1.95088, 10.2968, -0.754447
1522654655.238883000, 47, 22.8933, 10.7781, -1.18191
1522654655.238883000, 51, -8.52744, 19.9566, -1.01232
1522654655.238883000, 52, -6.2441, 19.6837, -0.96352
1522654655.238883000, 55, -37.78, -1.12665, -0.877631
1522654655.238883000, 56, 23.5073, 22.2904, 0
1522654655.238883000, 57, 22.2729, 28.1603, -1.67469
1522654655.238883000, 59, -14.5532, 19.5022, -0.565394
1522654655.238883000, 62, -14.9859, 19.4398, 0
1522654655.238883000, 65, -15.8449, 8.80187, -1.2679
1522654655.238883000, 73, 5.76258, 8.79504, -1.4308
1522654655.238883000, 74, -3.17997, 19.5356, -0.923601
1522654655.238883000, 76, 8.31305, 8.83105, -1.57251
1522654655.238883000, 77, 17.1493, 30.175, -1.61907
1522654655.238883000, 82, 23.8575, 18.4808, -0.700836
1522654655.238883000, 84, -3.12185, 20.9907, 0
1522654655.238883000, 85, 5.03646, 11.1127, -0.72663
1522654655.238883000, 87, 11.8351, 29.7655, -1.49413
1522654655.238883000, 91, -1.02728, 18.9793, -1.77358
1522654655.336601000, 0, -19.6399, 8.55893, -1.49831
1522654655.336601000, 2, -21.043, 19.4327, -0.665114
1522654655.336601000, 4, -14.1121, 9.14776, -1.37015
1522654655.336601000, 5, 5.0172, -9.04587, -1.60198
1522654655.336601000, 7, -16.5379, 8.78949, -1.31006
1522654655.336601000, 8, -11.5963, 9.11378, -1.45026
1522654655.336601000, 10, -15.8653, 18.7495, -1.14562
1522654655.336601000, 11, -8.19841, -8.69301, -1.41263
1522654655.336601000, 13, -33.9047, -20.224, -0.917616
1522654655.336601000, 14, -7.56635, 10.3797, -0.604492
1522654655.336601000, 16, -15.619, 19.1046, -0.573199
1522654655.336601000, 18, 30.8675, 11.5622, -0.765595
1522654655.336601000, 19, -18.3832, 19.2973, -0.618856
1522654655.336601000, 22, 23.0078, 22.3149, 0
1522654655.336601000, 25, 2.85007, 8.94089, -1.45084
1522654655.336601000, 29, 15.2509, 37.8704, 0
1522654655.336601000, 33, -1.28238, 8.0174, -1.69281
1522654655.336601000, 34, -18.4663, 19.6017, 0
1522654655.336601000, 39, 21.5287, 29.0115, -0.839226
1522654655.336601000, 41, 30.6597, 11.9277, 0
1522654655.336601000, 43, 37.751, 9.14374, -0.901997
1522654655.336601000, 45, -12.1839, 19.9768, -1.09129
1522654655.336601000, 47, 22.7381, 10.7659, -1.17545
1522654655.336601000, 51, -6.7291, 19.7032, -0.971445
1522654655.336601000, 53, -2.32715, 10.2415, -0.734799
1522654655.336601000, 54, -23.8558, 19.2723, -0.712111
1522654655.336601000, 56, 22.9819, 22.2899, -0.74348
1522654655.336601000, 57, 21.6631, 28.3168, -1.66309
1522654655.336601000, 59, -15.7124, 19.4578, 0
1522654655.336601000, 63, -15.4236, 11.1747, -0.442241
1522654655.336601000, 66, -1.41168, 9.2467, -1.24433
1522654655.336601000, 67, -11.9589, 19.5014, -1.59973
1522654655.336601000, 74, -3.53011, 19.7955, -0.938341
1522654655.336601000, 76, 7.82078, 8.87841, -1.52762
1522654655.336601000, 77, 15.8383, 29.9697, -1.58113
1522654655.336601000, 82, 23.5406, 18.415, -0.69418
1522654655.336601000, 84, -3.58648, 21.0159, 0
1522654655.336601000, 85, -1.90431, 18.8614, -1.76893
1522654655.336601000, 87, 18.9926, 21.4833, -2.0056
1522654655.336601000, 91, 7.17377, 11.5292, -0.633357
1522654655.436637000, 2, -9.52365, 8.7173, -1.46205
1522654655.436637000, 4, -14.7853, 9.02122, -1.61638
1522654655.436637000, 5, 4.59909, -9.03657, -1.61217
1522654655.436637000, 7, -17.264, 8.70953, -1.3526
1522654655.436637000, 8, -15.8872, 11.0401, -0.449272
1522654655.436637000, 10, -7.25889, 8.83587, -1.36711
1522654655.436637000, 11, -8.47094, -8.5675, -1.50873
1522654655.436637000, 13, -34.3994, -20.0334, -0.925206
1522654655.436637000, 14, -16.2515, 19.1717, -0.583756
1522654655.436637000, 16, 40.8146, -37.3611, -1.28488
1522654655.436637000, 18, 30.3761, 11.6628, -0.755751
1522654655.436637000, 19, -8.22282, 10.1155, -0.608049
1522654655.436637000, 22, 22.5169, 22.3438, 0
1522654655.436637000, 25, -7.45655, 19.7409, -0.984638
1522654655.436637000, 29, 15.0347, 37.7157, 0
1522654655.436637000, 33, -4.77727, 9.29362, -1.4213
1522654655.436637000, 34, -10.5948, 10.2793, -0.781875
1522654655.436637000, 39, 20.996, 29.078, -0.83319
1522654655.436637000, 41, 30.1691, 11.9657, 0
1522654655.436637000, 42, -28.9035, -38.7154, -1.12191
1522654655.436637000, 43, 37.2617, 9.22089, -0.891387
1522654655.436637000, 45, -13.0315, 19.7684, -1.1044
1522654655.436637000, 47, 22.2282, 10.7927, -1.15458
1522654655.436637000, 51, -7.64687, 19.3802, -1.45712
1522654655.436637000, 52, -9.54104, 20.3094, -1.04655
1522654655.436637000, 53, -2.53259, 8.8972, -1.30486
1522654655.436637000, 54, -12.369, 9.11353, -1.43376
1522654655.436637000, 56, 22.4905, 22.3177, -0.735786
1522654655.436637000, 57, 20.9312, 28.5909, -1.6531
1522654655.436637000, 59, -6.06016, 11.1781, -0.593162
1522654655.436637000, 62, 2.41976, -0.094143, -1.43657
1522654655.436637000, 63, -14.7472, 9.20861, -1.21613
1522654655.436637000, 72, -7.21221, 17.3223, -1.75094
1522654655.436637000, 73, -4.12446, 19.7093, -0.939784
1522654655.436637000, 74, -4.09559, 20.4835, -0.974429
1522654655.436637000, 76, 7.34196, 8.92972, -1.51935
1522654655.436637000, 77, 14.5254, 29.8907, -1.55021
1522654655.436637000, 82, 23.0297, 18.4748, -0.68577
1522654655.436637000, 83, -9.18242, 20.5005, -1.57096
1522654655.436637000, 84, -4.22419, 21.0596, 0
1522654655.436637000, 85, -3.17531, 18.6163, -1.76261
1522654655.436637000, 87, 18.2852, 21.6482, -1.9822
1522654655.436637000, 91, 6.69172, 11.5289, -0.62176
1522654655.536738000, 2, -10.0594, 8.84457, -1.37977
1522654655.536738000, 4, -15.2189, 9.20717, -1.24421
1522654655.536738000, 5, 4.03276, -8.97202, -1.62701
1522654655.536738000, 7, -17.6008, 8.69765, -1.37319
1522654655.536738000, 8, -16.2542, 10.9476, -0.455112
1522654655.536738000, 10, -7.56149, 8.7581, -1.44463
1522654655.536738000, 11, -9.26295, -8.66206, -1.44351
1522654655.536738000, 13, -34.8651, -20.0054, -0.934235
1522654655.536738000, 14, 40.1454, -37.609, -1.27739
1522654655.536738000, 16, -5.45018, 9.1694, -1.50606
1522654655.536738000, 17, 12.9888, -43.1117, 0
1522654655.536738000, 18, 29.8949, 11.6929, -0.745602
1522654655.536738000, 19, -8.45823, 10.1505, -0.705975
1522654655.536738000, 22, 21.8103, 22.4099, 0
1522654655.536738000, 25, -8.26414, 19.7377, -0.998351
1522654655.536738000, 29, 14.3895, 37.6564, 0
1522654655.536738000, 33, -2.63934, 8.02313, -1.69417
1522654655.536738000, 34, -10.8854, 10.2363, -0.756976
1522654655.536738000, 39, 19.7833, 28.9488, -1.6364
1522654655.536738000, 41, 29.7082, 11.998, 0
1522654655.536738000, 43, 36.7984, 9.22479, -0.880987
1522654655.536738000, 45, -12.9104, 20.6478, -0.565473
1522654655.536738000, 47, 21.9223, 10.797, -1.14204
1522654655.536738000, 49, -24.9349, 9.74499, -1.24868
1522654655.536738000, 51, -9.73116, 20.2464, -1.57116
1522654655.536738000, 53, -6.54098, 10.9183, -0.593717
1522654655.536738000, 54, -13.0459, 9.49907, -1.12874
1522654655.536738000, 56, 21.7749, 22.4156, -0.725712
1522654655.536738000, 62, 2.40331, -0.0901037, -1.42731
1522654655.536738000, 73, -4.56348, 20.5305, -0.981103
1522654655.536738000, 74, -4.28493, 21.9299, -1.56354
1522654655.536738000, 75, -12.8356, 9.04549, -1.46539
1522654655.536738000, 76, -4.93584, 21.0133, 0
1522654655.536738000, 77, 12.3989, 29.679, -1.50068
1522654655.536738000, 82, 22.5486, 18.4606, -0.676884
1522654655.536738000, 84, 6.03278, 11.5931, -0.609688
1522654655.536738000, 87, 17.2877, 21.9265, -1.95381
1522654655.536738000, 89, 21.877, 18.7527, -0.669163
1522654655.636837000, 2, -10.4504, 8.76012, -1.40321
1522654655.636837000, 4, -15.68, 9.12126, -1.26887
1522654655.636837000, 5, 3.58518, -8.98731, -1.59129
1522654655.636837000, 7, -18.1324, 8.62987, -1.40461
1522654655.636837000, 8, -16.6203, 10.6112, -0.4579
1522654655.636837000, 10, -8.20087, 9.08985, -1.26323
1522654655.636837000, 11, -9.60014, -8.66468, -1.37213
1522654655.636837000, 13, -35.4068, -19.8025, -0.942846
1522654655.636837000, 14, -5.93749, 9.18929, -1.50893
1522654655.636837000, 16, -3.05044, 8.05756, -1.7004
1522654655.636837000, 17, 12.4286, -43.2295, 0
1522654655.636837000, 18, 29.2132, 11.739, -0.731322
1522654655.636837000, 19, 2.41264, -0.0825905, -1.43243
1522654655.636837000, 22, 36.0987, 9.31003, -0.865737
1522654655.636837000, 25, -8.61767, 19.7459, -1.00509
1522654655.636837000, 29, 13.6089, 37.7835, 0
1522654655.636837000, 33, -13.8427, 20.1277, -0.567442
1522654655.636837000, 34, -11.2496, 9.99392, -0.756405
1522654655.636837000, 39, 18.3951, 29.3688, -1.61831
1522654655.636837000, 41, 28.9854, 12.0511, 0
1522654655.636837000, 42, -30.5911, -38.1412, 0
1522654655.636837000, 43, 37.4975, 9.89387, 0
1522654655.636837000, 45, -1.68138, 10.3912, -0.73624
1522654655.636837000, 47, 21.7204, 10.5945, -1.12913
1522654655.636837000, 49, -24.1307, 9.60269, -1.21147
1522654655.636837000, 51, -10.3616, 19.8104, -1.56361
1522654655.636837000, 52, 0.965517, 9.09458, -1.42411
1522654655.636837000, 53, -6.87079, 10.7484, -0.595088
1522654655.636837000, 54, -13.428, 9.38336, -1.14578
1522654655.636837000, 56, 21.1139, 22.4944, 0
1522654655.636837000, 57, 19.5883, 29.1657, -0.816168
1522654655.636837000, 59, 11.4058, -6.26604, -1.42238
1522654655.636837000, 61, 44.5305, 7.2818, 0
1522654655.636837000, 73, -5.08639, 20.4413, -0.982701
1522654655.636837000, 74, -4.69762, 21.2229, -0.504755
1522654655.636837000, 75, -13.2917, 8.97299, -1.49645
1522654655.636837000, 76, -5.39129, 20.9636, 0
1522654655.636837000, 77, 10.8699, 29.9752, -1.48763
1522654655.636837000, 82, 21.8577, 18.2774, -0.661855
1522654655.636837000, 84, -5.25138, 21.5637, -1.55235
1522654655.636837000, 85, 5.97177, 9.05818, -1.53096
1522654655.636837000, 87, 16.5977, 22.5746, -1.96118
1522654655.636837000, 89, 25.3302, 14.7196, 0
1522654655.636837000, 90, 22.2718, 17.6985, 0
1522654655.636837000, 92, 21.0831, 22.4619, -0.715382
1522654655.736939000, 0, -23.3185, 9.43747, -1.17342
1522654655.736939000, 2, -11.0489, 9.00215, -1.2616
1522654655.736939000, 4, -16.074, 9.12246, -1.29274
1522654655.736939000, 5, 3.06739, -8.95137, -1.5989
1522654655.736939000, 7, -18.5302, 8.63555, -1.42994
1522654655.736939000, 8, -16.6805, 9.80276, -0.90253
1522654655.736939000, 10, -8.65116, 9.25137, -1.24867
1522654655.736939000, 11, -10.1318, -8.57504, -1.39054
1522654655.736939000, 12, 11.8616, -43.3296, 0
1522654655.736939000, 13, -35.9276, -19.6336, -0.951483
1522654655.736939000, 14, -6.45427, 9.40826, -1.31364
1522654655.736939000, 16, -3.47031, 8.13334, -1.63718
1522654655.736939000, 18, 16.0399, 22.9711, -1.9615
1522654655.736939000, 19, -7.24402, 10.6411, -0.61127
1522654655.736939000, 22, 35.4241, 9.3392, -0.850738
1522654655.736939000, 23, -0.509568, -33.7738, -1.57576
1522654655.736939000, 25, 0.556115, 9.10624, -1.40731
1522654655.736939000, 29, 12.96, 37.9409, 0
1522654655.736939000, 33, -1.55512, 8.85594, -1.29147
1522654655.736939000, 39, 17.4797, 29.591, -1.60571
1522654655.736939000, 41, 28.1792, 12.3232, 0
1522654655.736939000, 42, -32.0589, -37.4211, 0
1522654655.736939000, 43, 19.1269, 29.2131, -0.811161
1522654655.736939000, 45, -11.3884, 20.0108, -1.07395
1522654655.736939000, 47, 22.507, 9.76909, -1.71613
1522654655.736939000, 51, -8.86645, 19.7963, -1.01177
1522654655.736939000, 53, 10.2515, -6.21885, -1.3403
1522654655.736939000, 54, -13.8555, 9.28403, -1.16651
1522654655.736939000, 56, 20.6256, 22.4978, -0.708769
1522654655.736939000, 59, 10.8308, -6.2357, -1.40628
1522654655.736939000, 62, -17.2957, 19.6596, -0.60807
1522654655.736939000, 64, 9.73593, -8.19826, -1.24896
1522654655.736939000, 66, -14.1967, 20.1495, -0.572487
1522654655.736939000, 70, 38.6856, -38.1184, -1.26118
1522654655.736939000, 73, -5.6615, 20.2071, -0.979084
1522654655.736939000, 74, -5.1879, 21.1395, -0.505466
1522654655.736939000, 76, -5.85772, 20.9219, 0
1522654655.736939000, 77, 9.67571, 29.9919, -1.47036
1522654655.736939000, 82, 21.1819, 18.4942, -0.653126
1522654655.736939000, 84, 5.54837, 9.1499, -1.44128
1522654655.736939000, 87, 28.5523, 11.7854, -0.717553
1522654655.736939000, 89, 21.4475, 17.9982, 0
1522654655.736939000, 92, 20.6575, 22.5323, 0
1522654655.837005000, 0, -23.0857, 9.06922, -1.15694
1522654655.837005000, 1, 14.4238, -38.6304, 0
1522654655.837005000, 2, -11.3323, 8.81233, -1.38254
1522654655.837005000, 3, 21.1097, -32.4, 0
1522654655.837005000, 4, -16.5483, 9.0677, -1.31978
1522654655.837005000, 5, 2.39876, -8.92959, -1.62229
1522654655.837005000, 6, -41.2649, 13.409, -1.00772
1522654655.837005000, 7, -18.9078, 8.60493, -1.45291
1522654655.837005000, 8, -16.9392, 9.71067, -0.910764
1522654655.837005000, 9, 14.7077, -39.7275, -0.983634
1522654655.837005000, 10, -9.07955, 9.43246, -1.23576
1522654655.837005000, 11, 17.8703, -35.375, 0
1522654655.837005000, 12, 10.9651, -43.6629, 0
1522654655.837005000, 14, -6.9968, 9.62781, -1.20361
1522654655.837005000, 16, -3.91967, 8.13505, -1.63431
1522654655.837005000, 18, 15.3295, 22.9858, -1.93487
1522654655.837005000, 19, -17.9346, 19.3958, -0.613541
1522654655.837005000, 22, 34.9834, 9.36377, -0.841012
1522654655.837005000, 23, 10.6968, -45.7196, -1.09024
1522654655.837005000, 24, -10.4725, -8.66362, -1.29179
1522654655.837005000, 25, 0.120126, 9.1465, -1.41014
1522654655.837005000, 29, 12.7366, 37.8016, 0
1522654655.837005000, 33, -1.95348, 8.8505, -1.29616
1522654655.837005000, 34, 37.7431, -38.4005, -1.25037
1522654655.837005000, 39, 16.8307, 29.5954, -1.59095
1522654655.837005000, 41, 27.8545, 12.1389, 0
1522654655.837005000, 42, -32.6541, -37.307, 0
1522654655.837005000, 43, 18.7002, 29.2111, -0.805711
1522654655.837005000, 45, -11.8854, 19.9415, -1.08285
1522654655.837005000, 47, 22.486, 9.85293, -1.71724
1522654655.837005000, 50, 17.7969, -35.8998, -0.930365
1522654655.837005000, 51, -9.51222, 19.7402, -1.02221
1522654655.837005000, 52, -9.42216, 20.3836, -0.521575
1522654655.837005000, 53, 9.68514, -6.18439, -1.3828
1522654655.837005000, 55, 8.59522, -48.9949, 0
1522654655.837005000, 56, 20.1725, 22.5346, -0.702338
1522654655.837005000, 59, -14.6996, 20.0692, -0.577788
1522654655.837005000, 62, 38.1294, -37.9753, -3.76344
1522654655.837005000, 63, 34.7476, -42.0347, 0
1522654655.837005000, 65, -19.4288, 9.30432, -1.00479
1522654655.837005000, 72, -11.4989, 20.6011, -0.547889
1522654655.837005000, 73, -6.4779, 19.86, -0.975283
1522654655.837005000, 74, -6.30636, 20.4393, -0.497188
1522654655.837005000, 76, 5.12685, 9.11322, -1.51423
1522654655.837005000, 77, 28.1073, 11.8332, -0.70846
1522654655.837005000, 82, 20.709, 18.5812, -0.646257
1522654655.837005000, 84, -6.64029, 20.5391, 0
1522654655.837005000, 87, 28.1493, 11.9133, -1.4262
1522654655.837005000, 89, 20.9137, 18.2775, 0
1522654655.837005000, 90, 8.54856, 29.6417, -1.43929
1522654655.837005000, 99, 18.0676, 16.5878, -1.1468
1522654655.937076000, 2, -11.9207, 8.9669, -1.2274
1522654655.937076000, 3, -19.791, 9.23178, -1.0186
1522654655.937076000, 4, -17.0348, 9.05923, -1.34945
1522654655.937076000, 5, 1.81033, -8.90687, -1.60514
1522654655.937076000, 8, -17.3072, 9.65288, -0.924382
1522654655.937076000, 10, -9.41031, 9.34493, -1.27026
1522654655.937076000, 11, -11.1155, -8.6104, -1.31211
1522654655.937076000, 14, -7.38044, 9.61925, -1.23391
1522654655.937076000, 16, -4.29065, 8.17884, -1.62801
1522654655.937076000, 18, 14.651, 23.0956, -1.91613
1522654655.937076000, 19, -18.4477, 19.3403, -0.620774
1522654655.937076000, 22, 34.5537, 9.39327, -0.831572
1522654655.937076000, 25, -0.280446, 9.1412, -1.40428
1522654655.937076000, 29, 12.4078, 37.6768, 0
1522654655.937076000, 33, -2.33597, 8.81103, -1.31221
1522654655.937076000, 35, -17.0643, -31.0189, -0.822479
1522654655.937076000, 39, 16.1059, 29.6617, -1.57769
1522654655.937076000, 40, -11.0306, -52.4009, 0
1522654655.937076000, 41, 27.385, 12.2211, 0
1522654655.937076000, 43, 18.2818, 29.2119, -0.800553
1522654655.937076000, 45, -12.3564, 19.9058, -1.09288
1522654655.937076000, 47, 21.9598, 9.8922, -1.68475
1522654655.937076000, 51, -9.96309, 19.7354, -1.0313
1522654655.937076000, 52, -9.87193, 20.3221, -0.524725
1522654655.937076000, 53, 9.10437, -6.16139, -1.36428
1522654655.937076000, 54, -15.6338, 11.0413, -0.444445
1522654655.937076000, 59, -15.1652, 20.0456, -0.583811
1522654655.937076000, 64, 2.42194, -0.0816261, -1.43774
1522654655.937076000, 66, -4.98838, 9.02498, -1.20653
1522654655.937076000, 73, -6.98989, 19.8372, -0.982123
1522654655.937076000, 74, -6.7804, 20.3922, -0.499509
1522654655.937076000, 76, 4.67577, 9.14395, -1.49603
1522654655.937076000, 77, 27.7622, 11.7593, -0.700503
1522654655.937076000, 82, 20.4049, 18.5088, 0
1522654655.937076000, 84, -7.08997, 20.5298, 0
1522654655.937076000, 87, 20.2462, 18.6665, -0.639656
1522654655.937076000, 89, 7.74616, 29.5865, -1.42672
1522654655.937076000, 90, 27.7617, 11.2899, -1.3979
1522654655.937076000, 91, -3.58719, 21.9763, -1.55814
1522654655.937076000, 99, 17.6278, 16.645, -1.1336
